-- phpMyAdmin SQL Dump
-- version 5.2.1
-- https://www.phpmyadmin.net/
--
-- Host: localhost:3306
-- Generation Time: Jul 17, 2024 at 07:33 AM
-- Server version: 8.0.30
-- PHP Version: 8.1.10

SET SQL_MODE = "NO_AUTO_VALUE_ON_ZERO";
START TRANSACTION;
SET time_zone = "+00:00";


/*!40101 SET @OLD_CHARACTER_SET_CLIENT=@@CHARACTER_SET_CLIENT */;
/*!40101 SET @OLD_CHARACTER_SET_RESULTS=@@CHARACTER_SET_RESULTS */;
/*!40101 SET @OLD_COLLATION_CONNECTION=@@COLLATION_CONNECTION */;
/*!40101 SET NAMES utf8mb4 */;

--
-- Database: `itvaletdb`
--

-- --------------------------------------------------------

--
-- Table structure for table `devices`
--

CREATE TABLE `devices` (
  `id` char(36) CHARACTER SET utf8mb4 COLLATE utf8mb4_unicode_ci NOT NULL,
  `device_id` char(36) CHARACTER SET utf8mb4 COLLATE utf8mb4_unicode_ci NOT NULL,
  `serial` varchar(191) CHARACTER SET utf8mb4 COLLATE utf8mb4_unicode_ci DEFAULT NULL,
  `bmn_number` varchar(191) CHARACTER SET utf8mb4 COLLATE utf8mb4_unicode_ci DEFAULT NULL,
  `information` text CHARACTER SET utf8mb4 COLLATE utf8mb4_unicode_ci,
  `created_at` timestamp NULL DEFAULT NULL,
  `updated_at` timestamp NULL DEFAULT NULL,
  `deleted_at` timestamp NULL DEFAULT NULL
) ENGINE=InnoDB DEFAULT CHARSET=utf8mb4 COLLATE=utf8mb4_unicode_ci;

--
-- Dumping data for table `devices`
--

INSERT INTO `devices` (`id`, `device_id`, `serial`, `bmn_number`, `information`, `created_at`, `updated_at`, `deleted_at`) VALUES
('0189da5d-793d-4435-9a4b-9f3f7c68914e', '8247aeff-afc6-428b-99b2-f3b32d341858', 'Q15NC00011', '3050206017-79', NULL, '2023-11-05 18:55:32', '2023-11-05 19:02:32', NULL),
('01952b64-b8c3-4b5e-9925-dca0b3daf221', 'c5b6911e-35f9-4115-9bba-238ad895d232', '9B1935A30345', '3060101048-82', NULL, '2023-10-31 05:08:02', '2023-10-31 20:20:29', NULL),
('035d9159-1295-4aaa-9197-f987324b1289', '735da605-b15d-4c5b-86f9-840e205ef6db', 'GAN0CX21X932437', '3100102002-69', 'Windows 10', '2023-07-17 04:23:13', '2023-07-17 04:23:13', NULL),
('04f905d0-8d85-4181-872f-d3ca7a4cc382', '62599538-13ba-4d9d-a24d-e4e007c09106', '71108610H', '3100102002-107', 'Windows 10', '2023-07-17 04:05:34', '2023-07-17 04:05:34', NULL),
('0522e8c4-4375-4665-a677-4de2393739d6', '8247aeff-afc6-428b-99b2-f3b32d341858', 'Q15NC00037', '3050206017-75', NULL, '2023-11-05 18:55:32', '2023-11-05 19:00:56', NULL),
('05b8f81a-3663-48b4-a274-11c7d36634f0', '11c46139-0cf2-426a-993d-2753e13738a1', NULL, NULL, NULL, '2024-07-07 23:49:06', '2024-07-07 23:49:06', NULL),
('05fba073-653f-49f6-9bdc-993420ef1c39', 'c5b6911e-35f9-4115-9bba-238ad895d232', '9B1935A30478', '3060101048-70', NULL, '2023-10-31 05:08:02', '2023-10-31 20:13:13', NULL),
('072cc299-9a42-4299-9ed4-4a3304f81daa', '62599538-13ba-4d9d-a24d-e4e007c09106', '71108613H', '3100102002-105', 'Windows 10', '2023-07-17 04:05:34', '2023-07-17 04:05:34', NULL),
('09beb649-5923-442d-8162-4045091f5893', '11c46139-0cf2-426a-993d-2753e13738a1', 'MA342154N1394', NULL, NULL, '2023-11-07 15:27:57', '2023-11-19 20:00:18', NULL),
('09c9a00a-2aa4-44a2-b590-a124ae21f6ed', '76458f73-5a28-4c82-a9d6-4186df38e8f7', 'CNF86D751T', '3100203003-53', NULL, '2023-07-17 05:56:38', '2023-07-17 05:56:53', NULL),
('09f44412-991a-4146-9cc9-ed8874a5a6ea', '3900c4c2-dc44-45c6-af33-a38589dd82f4', '241711429677SH', '3060101048-49', NULL, '2023-10-31 05:13:15', '2023-10-31 19:53:44', NULL),
('0b447496-425c-4476-91c6-61f07712d192', 'f4410d0f-32d3-4cf1-901c-cf44d879708d', '1CZ831014T', '3100102001-111', 'Windows 10', '2023-07-17 03:52:48', '2023-11-16 16:50:09', NULL),
('0e8d3703-d24b-40fa-9d0e-171d70b785b1', 'c5b6911e-35f9-4115-9bba-238ad895d232', '9B1928A06018', '3060101048-75', NULL, '2023-10-31 05:08:02', '2023-10-31 20:14:39', NULL),
('0fb3d673-7cb4-4d36-85a2-b21cd10a914e', '692f0ac6-bac0-4bcf-b35b-6870489efa5a', 'GAN0CX21W40543F', '3100102002-72', 'Windows 10', '2023-07-17 04:21:59', '2023-07-17 04:22:16', NULL),
('1131d8f1-8707-47b1-9dca-a8f278ce5c74', 'c5b6911e-35f9-4115-9bba-238ad895d232', '9B1928A04641', '3060101048-79', NULL, '2023-10-31 05:08:02', '2023-10-31 20:15:44', NULL),
('1172ff7d-8d99-4277-b362-32f3a4d973b7', '62599538-13ba-4d9d-a24d-e4e007c09106', '71108601H', '3100102002-104', 'Windows 10', '2023-07-17 04:05:34', '2023-07-17 04:05:34', NULL),
('136c6b7c-7304-4b70-8265-f700c2969f2f', '8247aeff-afc6-428b-99b2-f3b32d341858', 'Q15NC00042', '3050206017-76', NULL, '2023-11-05 18:55:32', '2023-11-05 19:01:26', NULL),
('13c4a000-a3fa-4a56-967c-5f8852a601c1', 'c5b6911e-35f9-4115-9bba-238ad895d232', '9B1935A26974', '3060101048-72', NULL, '2023-10-31 05:08:02', '2023-10-31 20:13:43', NULL),
('159bd628-8618-49aa-aee9-6166978c5490', '735da605-b15d-4c5b-86f9-840e205ef6db', 'GCN0CPO2C55349B', '3100102002-70', 'Windows 10', '2023-07-17 04:23:13', '2023-07-17 04:23:13', NULL),
('18ee031f-441b-40dc-bc35-c180b73f34ce', '1da80678-f130-46c8-bff1-841c6def4900', '5CG8366Y5R', '3100102002-96', 'Windows 10', '2023-07-17 04:10:18', '2023-07-17 04:10:18', NULL),
('191ce2f8-cb1a-4b0b-964f-9fab1b82e91a', '3900c4c2-dc44-45c6-af33-a38589dd82f4', '241711406627SH', '3060101048-47', NULL, '2023-10-31 05:13:15', '2023-10-31 19:52:32', NULL),
('1a4c82e1-27a4-422f-aed9-7f62e3a043f9', '11c46139-0cf2-426a-993d-2753e13738a1', 'MA342154N1463', NULL, NULL, '2023-11-07 15:27:57', '2023-11-20 00:44:18', NULL),
('1b7e663e-6a6f-4898-a64d-b9f167b27adc', 'ec6e4b39-f423-4c9e-9977-7847e90509c7', '4SMZY42', '3100102001-72', 'Windows 10', '2023-11-14 19:39:47', '2023-11-14 19:49:46', NULL),
('1b828c7f-fd72-4f3c-bbaf-ec637746bb07', '5ce19328-275b-4a1d-b8d5-efb585e0e2f8', 'X4EK000162', '3100203003-39', NULL, '2023-07-17 05:47:31', '2023-07-17 05:47:31', NULL),
('1bdb2263-375c-4a85-89eb-b9f95951f815', 'd6689d2e-6a99-42b9-9d87-545d4515560f', '5CD832TX82', '3100102002-78', 'Windows 10', '2023-07-17 04:12:48', '2023-07-17 04:12:48', NULL),
('1cd403f6-7213-4d7f-a7ec-f92bf5d51a49', '46658dc0-ba3d-4f38-8f1b-950987050b01', NULL, '3100204024-10', NULL, '2023-11-07 15:32:09', '2024-07-06 18:39:50', NULL),
('1cf370aa-6fca-4184-a3f0-fb51fea3075f', '735da605-b15d-4c5b-86f9-840e205ef6db', NULL, '3100102002-71', 'Windows 10', '2023-07-17 04:23:13', '2023-07-17 04:23:13', NULL),
('1dc099ca-af52-42b8-a283-258d9165d8a5', '62599538-13ba-4d9d-a24d-e4e007c09106', '71108561H', '3100102002-102', 'Windows 10', '2023-07-17 04:05:34', '2023-07-17 04:05:34', NULL),
('1dd36164-949c-4c14-ae0c-f88129cd82bd', 'f8cb8465-d2a7-4809-92be-da528b741f64', 'PF16YHEF', '3100102002-91', 'Windows 10', '2023-07-17 05:32:15', '2023-07-17 05:32:15', NULL),
('1dd6c6d6-7003-4bdc-b1f9-c3967155b376', 'f3c56960-d711-440f-b109-38b20d4a7de1', 'CNC1L8Y0B3', '3100203003-47', NULL, '2023-07-17 05:55:13', '2023-07-17 05:55:13', NULL),
('1e3bd0ab-48f3-481d-9ce2-903d982318b0', 'aa3c2982-e5d3-4d8e-9c73-23f545ad55c9', '089691293953', NULL, 'Windows 11', '2023-11-14 19:53:23', '2023-12-27 23:56:57', NULL),
('1e80488c-def3-4777-9bb1-9bdc6e9e9228', '8247aeff-afc6-428b-99b2-f3b32d341858', 'Q15NC00039', '3050206017-72', NULL, '2023-11-05 18:55:32', '2023-11-05 18:56:35', NULL),
('1f5d8e52-55e2-4fd1-8f4b-7b97456fe346', '3900c4c2-dc44-45c6-af33-a38589dd82f4', '241711407165SH', '3060101048-45', NULL, '2023-10-31 05:13:15', '2023-11-19 22:46:49', NULL),
('2010fb76-9ecd-4506-8ff0-8821bc84100d', 'c5b6911e-35f9-4115-9bba-238ad895d232', '9B1928A04640', '3060101048-85', NULL, '2023-10-31 05:08:02', '2023-10-31 20:21:29', NULL),
('20aa87ae-8d17-46a0-aa69-eb905975cf26', 'f8cb8465-d2a7-4809-92be-da528b741f64', 'PF15QM82', '3100102002-93', 'Windows 10', '2023-07-17 05:32:15', '2023-07-17 05:32:15', NULL),
('228b1b35-38f2-45a5-b488-89e0ec8a44c5', '86df6be7-2d12-4655-b8f7-2ff83dc1a8ec', '69B2G2S', '3100102001-54', 'Linux', '2023-11-14 19:38:50', '2024-06-13 19:45:25', NULL),
('23ac74ed-3134-46e2-835c-51b587669184', 'c5b6911e-35f9-4115-9bba-238ad895d232', '9B1928A06020', '3060101048-71', NULL, '2023-10-31 05:08:02', '2023-10-31 20:13:27', NULL),
('26632167-cc7e-459d-aca3-1197bd954464', '93fff112-b945-44f8-8880-d787b57ee177', NULL, NULL, NULL, '2023-11-07 15:36:40', '2023-11-07 15:36:40', NULL),
('2686599c-d066-4637-843e-76c1356fc3db', 'ec6e4b39-f423-4c9e-9977-7847e90509c7', '8NMZY42', '3100102001-71', 'Windows 10', '2023-11-14 19:39:47', '2023-11-14 19:49:22', NULL),
('26ab8d4e-4d51-4c19-82ea-d97733882057', 'fb05f47a-ec01-4565-bbab-be5aab840dba', 'E73801H7N453792', '3100203003-45', NULL, '2023-07-17 05:53:59', '2023-07-17 05:54:22', NULL),
('26d9f8d1-2708-470a-a10a-13df56ba4b87', 'f4410d0f-32d3-4cf1-901c-cf44d879708d', '1CZ83101GF', '', 'Windows 10', '2023-07-17 03:52:48', '2023-11-19 22:32:59', NULL),
('2a02e801-aa8e-49ad-96b6-bec8abfd6a45', 'ac82f2ee-66bf-4ce2-aa18-d9b92212a3e0', 'PC18QFRL', '3100102001-149', 'Windows 11', '2023-07-17 03:34:52', '2023-11-20 19:33:31', NULL),
('2c2f8ff8-ea95-4d9d-b175-7d38b4ce1b7e', 'ac82f2ee-66bf-4ce2-aa18-d9b92212a3e0', 'PC18JDGJ', '3100102001-132', 'Windows 11', '2023-07-17 02:32:43', '2023-11-19 22:17:45', NULL),
('2d21ec90-c4da-4b32-8634-ccbd59fb2287', 'ec6e4b39-f423-4c9e-9977-7847e90509c7', 'GHNZY42', '3100102001-67', 'Windows 10', '2023-11-14 19:39:47', '2023-11-14 19:44:51', NULL),
('2e0d36dc-d26d-43ed-bd34-8d82970016c0', 'ac82f2ee-66bf-4ce2-aa18-d9b92212a3e0', 'PC18RERP', '', 'Windows 11', '2023-07-17 03:34:52', '2023-11-20 20:00:29', NULL),
('2ef8e877-8acb-4a76-b783-20fe572b43e9', '86df6be7-2d12-4655-b8f7-2ff83dc1a8ec', '45C2G2S', '3100102001-53', 'Windows 10', '2023-11-14 19:38:50', '2023-11-16 16:31:03', NULL),
('306fba5c-cfd5-4ff0-8d57-79da54f67d69', '3900c4c2-dc44-45c6-af33-a38589dd82f4', '241711406628SH', '3060101048-41', NULL, '2023-10-31 05:13:15', '2023-10-31 19:40:45', NULL),
('309d9213-3f90-4a3c-ac9d-c5ce7d7f7563', 'a2a4b511-9589-47bb-8d3a-b7877e889278', 'CN97FP73M5', '3100204024-18', NULL, '2023-11-07 15:35:55', '2023-11-07 15:37:10', NULL),
('31ccb836-55ba-4f6d-8c35-79c081894403', 'f8cb8465-d2a7-4809-92be-da528b741f64', NULL, '3100102002-86', 'Windows 10', '2023-07-17 05:32:15', '2023-07-17 05:32:15', NULL),
('32c62b88-ec04-4693-bab3-d6a0246fdad3', '8247aeff-afc6-428b-99b2-f3b32d341858', 'Q15NC00054', '3050206017-71', NULL, '2023-11-05 18:55:32', '2023-11-05 18:59:32', NULL),
('32fc15ab-bcc9-4254-82ca-fcbaf978c262', '46658dc0-ba3d-4f38-8f1b-950987050b01', NULL, '3100204024-13', NULL, '2023-11-07 15:32:09', '2024-07-06 18:40:26', NULL),
('335d888a-7065-44e3-9283-d66728100d54', 'b9b47393-09e3-429e-9a6f-bb52201f7891', 'VNC3300815', '3100203003-54', NULL, '2023-07-17 05:57:33', '2023-07-17 05:57:33', NULL),
('3464d6a6-9a35-4754-8388-e53ab8b499c3', '11c46139-0cf2-426a-993d-2753e13738a1', 'MA342154N1438', NULL, NULL, '2023-11-07 15:27:57', '2023-11-19 19:56:20', NULL),
('34ac7314-cf8f-4c6a-96f4-b0953a855c0c', '5ce19328-275b-4a1d-b8d5-efb585e0e2f8', 'X4EK000402', '3100203003-40', NULL, '2023-07-17 05:47:31', '2023-07-17 05:47:31', NULL),
('361ecbc1-8912-466e-ab42-7bcdd9526546', 'ef13bf0f-aee8-4323-9f6c-20f5b1cadd45', NULL, NULL, NULL, '2023-10-31 05:23:52', '2023-10-31 05:23:52', NULL),
('3711e36a-a4fa-497e-bd3d-ba1ce0c806a5', 'b9b47393-09e3-429e-9a6f-bb52201f7891', 'VNC3600866', '3100203003-55', NULL, '2023-07-17 05:57:33', '2023-07-17 05:57:33', NULL),
('37ecad8f-784d-4e15-8f2f-d036ec85c354', '3900c4c2-dc44-45c6-af33-a38589dd82f4', '24171140667SH', '3060101048-42', NULL, '2023-10-31 05:13:15', '2023-10-31 19:41:23', NULL),
('3b52d8ac-6e06-4bee-9ba6-c7717b2db816', '7f4eb3e5-5ac7-4f7c-b77f-67659ee3ee39', 'L7NOCXO74829G', '3100102002-100', 'Windows 10', '2023-07-17 05:38:26', '2023-07-17 05:38:59', NULL),
('3b8ff127-667a-43a6-8793-6f8705565abe', 'ec6e4b39-f423-4c9e-9977-7847e90509c7', '4PNZY42', '3100102001-66', 'Windows 10', '2023-11-14 19:39:47', '2023-11-14 19:44:07', NULL),
('3cc88eed-5434-4b52-9717-0f28e834bf7d', 'ac82f2ee-66bf-4ce2-aa18-d9b92212a3e0', 'PC18REQE', '3100102001-137', 'Windows 11', '2023-07-17 03:34:52', '2023-11-20 19:21:07', NULL),
('3d28e925-adc6-4683-850c-80d33913d787', 'd6689d2e-6a99-42b9-9d87-545d4515560f', '5CD8327X3L', '3100102002-80', 'Windows 10', '2023-07-17 04:12:48', '2023-07-17 04:12:48', NULL),
('3f40e9b6-6d5e-4468-ac77-32d6d6fd0a56', 'ac82f2ee-66bf-4ce2-aa18-d9b92212a3e0', 'PC18RFC6', '3100102001-131', 'Windows 11', '2023-07-17 03:34:52', '2023-11-20 19:55:00', NULL),
('3f52c076-dc8f-4db1-84af-a5f5e3e09465', '2448fd19-0a59-45cb-870e-64c7e0d1d86c', 'K2009N0108701', '3100102002-98', 'Windows 11', '2023-07-17 05:36:20', '2023-10-31 20:23:46', NULL),
('400c1d27-207b-45d2-8375-56c3a481f367', 'f4410d0f-32d3-4cf1-901c-cf44d879708d', '1CZ83101HB', '3100102001-121', 'Windows 10', '2023-07-17 03:52:48', '2023-11-19 20:28:54', NULL),
('40dfb305-06b6-49a7-a710-0b8f07005764', 'ac82f2ee-66bf-4ce2-aa18-d9b92212a3e0', 'PC18RLAZ', '3100102001-139', 'Windows 11', '2023-07-17 02:32:43', '2023-11-20 19:24:29', NULL),
('4299655e-c37f-4ec5-ac98-f32637145697', 'f8cb8465-d2a7-4809-92be-da528b741f64', NULL, '3100102002-82', 'Windows 10', '2023-07-17 05:32:15', '2023-07-17 05:32:15', NULL),
('449066a5-90c8-45a9-bb6d-26e71e12e5ea', 'f4410d0f-32d3-4cf1-901c-cf44d879708d', '1CZ83101C6', '', 'Windows 10', '2023-07-17 03:52:48', '2023-11-16 16:49:44', NULL),
('460cc42c-4afd-4657-9e88-41eeaa6c21a0', 'ac82f2ee-66bf-4ce2-aa18-d9b92212a3e0', 'PC18JDFB', '3100102001-139', 'Windows 11', '2023-07-17 02:32:43', '2023-11-20 19:56:59', NULL),
('47f1806e-9d54-4b7c-a27f-223fcdd185e3', '86df6be7-2d12-4655-b8f7-2ff83dc1a8ec', '8VB2G2S', '3100102001-59', 'Windows 10', '2023-11-14 19:38:50', '2023-11-16 16:33:30', NULL),
('4877ff78-ed05-4e1e-8f61-8b806901fddc', 'ac82f2ee-66bf-4ce2-aa18-d9b92212a3e0', 'PC18REXY', '3100102001-140', 'Windows 11', '2023-07-17 02:32:43', '2023-11-20 19:32:27', NULL),
('490e6e73-5fae-4dcd-9bd0-732fda2e9be1', '62599538-13ba-4d9d-a24d-e4e007c09106', '71108559H', '3100102002-117', 'Windows 10', '2023-07-17 04:05:34', '2023-07-17 04:05:34', NULL),
('4d6e75e1-2f01-4818-9d27-48b8f6cd009c', '62599538-13ba-4d9d-a24d-e4e007c09106', '71108620H', '3100102002-111', 'Windows 10', '2023-07-17 04:05:34', '2023-07-17 04:05:34', NULL),
('4f6c3159-6d27-4c4c-9e99-b49f6ba62d90', 'd6689d2e-6a99-42b9-9d87-545d4515560f', '5CD8327X2B', '3100102002-76', 'Windows 10', '2023-07-17 04:12:48', '2023-07-17 04:12:48', NULL),
('4fc07158-b68c-4216-a864-c8a931c3f39e', 'f4410d0f-32d3-4cf1-901c-cf44d879708d', '1CZ83100X4', '3100102001-102', 'Windows 10', '2023-07-17 03:52:48', '2023-11-16 16:47:14', NULL),
('52277dd0-4486-4d9c-913f-4c7aad0bd841', '11c46139-0cf2-426a-993d-2753e13738a1', 'MA342154N1406', '3060101048-2', NULL, '2024-07-07 23:49:06', '2024-07-07 23:55:24', NULL),
('52652955-a5d3-47c0-9583-ec9504a3afbf', 'c5b6911e-35f9-4115-9bba-238ad895d232', '9B1809A15550', '3060101048-56', NULL, '2023-10-31 05:08:02', '2024-07-08 20:26:28', NULL),
('53c93c4e-43ec-4482-ad8d-ed2079c64c6c', '8247aeff-afc6-428b-99b2-f3b32d341858', 'Q15NC00143', '3050206017-80', NULL, '2023-11-05 18:55:32', '2023-11-05 19:02:50', NULL),
('54c3623d-f028-45ba-baff-b7d419790d88', 'c5b6911e-35f9-4115-9bba-238ad895d232', '9B1928A04638', '3060101048-84', NULL, '2023-10-31 05:08:02', '2023-11-19 20:37:02', NULL),
('575e731d-6346-4935-8975-b115524aa9af', 'acf9a172-19cd-4651-8b50-17e57d0f25d9', NULL, '31000102003-55', 'Windows 10', '2023-07-17 05:30:26', '2023-07-17 05:30:26', NULL),
('592beeaa-50f6-44d6-9abc-b2bc3ec1137b', 'ec6e4b39-f423-4c9e-9977-7847e90509c7', '30MZY42', '3100102001-70', 'Windows 10', '2023-11-14 19:39:47', '2023-11-14 19:48:50', NULL),
('594b7fef-adad-41ef-8fca-44fb7767f2f1', 'c5b6911e-35f9-4115-9bba-238ad895d232', '9B1928A06021', '3060101048-73', NULL, '2023-10-31 05:08:02', '2023-10-31 20:14:05', NULL),
('597b43ee-0c7d-41cf-beea-21cf9a7d7208', 'b9b47393-09e3-429e-9a6f-bb52201f7891', 'VNC3300814', '3100203003-56', NULL, '2023-07-17 05:57:33', '2023-07-17 05:57:33', NULL),
('59f9e391-5370-492f-a176-3f59c4ef1d88', '5f8f7eaf-ddf0-4bdb-b5c6-d764de223839', 'U1H6DV2M', '31001002001-79', 'Windows 10', '2023-07-17 03:59:32', '2023-07-17 03:59:32', NULL),
('5d41d732-e83b-49b1-ab18-cdf0bf7bb8f4', 'c5b6911e-35f9-4115-9bba-238ad895d232', '9B1928A06019', '3060101048', NULL, '2023-10-31 05:08:02', '2023-11-19 20:50:01', NULL),
('5e3c24e8-f2b4-4780-bb44-33e9ff0b3985', 'ac82f2ee-66bf-4ce2-aa18-d9b92212a3e0', 'PC18REZ5', '3100102001-151', 'Windows 11', '2023-07-17 03:34:52', '2023-11-20 20:01:22', NULL),
('5fe1d386-3a8b-4670-b58c-27deed12fcab', '46658dc0-ba3d-4f38-8f1b-950987050b01', NULL, '3100204024-9', NULL, '2023-11-07 15:32:09', '2024-07-06 18:42:54', NULL),
('62f19697-9c4b-4842-9322-6022b167111c', 'ec6e4b39-f423-4c9e-9977-7847e90509c7', '31MZY42', '3100102001-64', 'Linux', '2023-11-14 19:39:47', '2024-06-11 23:32:24', NULL),
('64dc80a8-6f16-49ca-be45-e97c5bd5c7f0', 'ac82f2ee-66bf-4ce2-aa18-d9b92212a3e0', 'PC18JDHL', '3100102001-152', 'Windows 11', '2023-07-17 03:34:52', '2023-11-22 19:52:42', NULL),
('65568354-d726-47b6-95d7-b6c9ac122b03', 'c5b6911e-35f9-4115-9bba-238ad895d232', '9B1935A30344', '3060101048-64', NULL, '2023-10-31 05:08:02', '2023-10-31 20:11:05', NULL),
('65ab1001-5699-4bd9-93e2-979855451dc4', '86df6be7-2d12-4655-b8f7-2ff83dc1a8ec', 'J6C2G2S', '3100102001-63', 'Windows 10', '2023-11-14 19:38:50', '2023-11-16 16:42:37', NULL),
('66a5e940-f848-4a79-92d5-a55c73b14215', '86df6be7-2d12-4655-b8f7-2ff83dc1a8ec', '66C2G2S', '3100102001-57', 'Linux', '2023-11-14 19:38:50', '2024-06-13 22:39:10', NULL),
('67d1f0fd-2892-4172-919d-3bcde405f7c7', 'd6689d2e-6a99-42b9-9d87-545d4515560f', '5CD8327X39', '3100102002-79', 'Windows 10', '2023-07-17 04:12:48', '2024-07-07 23:15:04', NULL),
('6992e09b-e9cc-4386-a169-9b921f1e6501', 'f8cb8465-d2a7-4809-92be-da528b741f64', NULL, '3100102002-94', 'Windows 10', '2023-07-17 05:32:15', '2023-07-17 05:32:15', NULL),
('6ac1f177-c11e-44ac-bccc-8b8a62291bb8', 'ac82f2ee-66bf-4ce2-aa18-d9b92212a3e0', 'PC18QFLE', '3100102001-153', 'Windows 11', '2023-07-17 03:34:52', '2023-11-19 20:54:37', NULL),
('6b20fafc-2095-4e02-8b22-d7b3f04dc818', 'c5b6911e-35f9-4115-9bba-238ad895d232', '9B1928A04639', '3060101048-78', NULL, '2023-10-31 05:08:02', '2023-10-31 20:15:30', NULL),
('6ccea4ad-9acd-4bec-acb4-756a09bb3fd2', 'ac82f2ee-66bf-4ce2-aa18-d9b92212a3e0', 'PC18QFR8', '3100102001-154', 'Windows 11', '2023-07-17 03:34:52', '2023-11-20 19:33:07', NULL),
('6d6b4419-0f55-4aea-8863-d97c5f2bf188', 'ac82f2ee-66bf-4ce2-aa18-d9b92212a3e0', 'PC18RLBD', '3100102001-155', 'Windows 11', '2023-07-17 03:34:52', '2023-11-19 20:52:49', NULL),
('6d85ab9f-d033-49d6-8c64-474af1e4cb8a', 'c5b6911e-35f9-4115-9bba-238ad895d232', '9B1928A05688', '3060101048-86', NULL, '2023-10-31 05:08:02', '2023-10-31 20:21:51', NULL),
('7100fe38-d477-47e0-b291-b4ba9bea72c4', 'ac82f2ee-66bf-4ce2-aa18-d9b92212a3e0', 'PC18RJC5', '3100102001-145', 'Windows 11', '2023-07-17 03:34:52', '2023-07-17 03:34:52', NULL),
('7129a4a9-868a-4ece-bc80-c401a81961f8', 'f4410d0f-32d3-4cf1-901c-cf44d879708d', '1CZ83100TQ', '3100102001-107', 'Windows 10', '2023-07-17 03:52:48', '2023-07-17 03:52:48', NULL),
('713a096a-bbde-40e3-b8dd-fbab75129b21', '3900c4c2-dc44-45c6-af33-a38589dd82f4', '241711407166SH', '3060101048-50', NULL, '2023-10-31 05:13:15', '2023-10-31 19:54:03', NULL),
('719254b4-c756-4fd9-8d7e-c23dc5def965', '49768f1c-b651-4d9d-a3ba-b1ca62dd5acb', NULL, '3100201004-3', 'Linux', '2023-11-04 05:25:26', '2023-11-04 05:26:14', NULL),
('729d30c6-c418-42fc-8cb3-11a0986a2e1d', '11c46139-0cf2-426a-993d-2753e13738a1', 'MA342154N1461', NULL, NULL, '2023-11-07 15:27:57', '2024-06-11 22:41:13', NULL),
('72e0d413-7f46-479e-8631-d525688a4dc4', 'ac82f2ee-66bf-4ce2-aa18-d9b92212a3e0', 'PC18RFA1', '3100102001-146', 'Windows 11', '2023-07-17 03:34:52', '2023-07-17 03:34:52', NULL),
('73806e7c-15e2-4d45-ac40-ae839433c1ee', 'f4410d0f-32d3-4cf1-901c-cf44d879708d', '1CZ83101MW', '3100102001-103', 'Windows 10', '2023-07-17 03:52:48', '2023-11-19 20:11:31', NULL),
('73e4c0ee-ad8e-4a3a-be8c-ade4ab49877f', '3900c4c2-dc44-45c6-af33-a38589dd82f4', '3060101048-51', '3060101048-51', NULL, '2023-10-31 05:13:15', '2023-10-31 20:07:23', NULL),
('73ec0114-9bb0-432e-94f5-5577ad542ccb', '8d40d3ba-945d-4b61-aa0d-dec159c6e4d7', 'MP1APPK0', '3100102001-124', 'Windows 10', '2023-07-17 04:01:56', '2023-07-17 04:01:56', NULL),
('73f3ca5e-26e8-4b79-b9ae-d48790d1769f', '62599538-13ba-4d9d-a24d-e4e007c09106', '71108578H', '3100102002-108', 'Windows 10', '2023-07-17 04:05:34', '2023-07-17 04:05:34', NULL),
('7778b095-fb3b-4aa5-b01f-1f751ad9603c', 'a2a4b511-9589-47bb-8d3a-b7877e889278', 'CN97FP73R8', '3100204024-19', NULL, '2023-11-07 15:35:55', '2023-11-07 15:43:12', NULL),
('778a1178-6a99-447a-82cd-c226eece0eaf', '1da80678-f130-46c8-bff1-841c6def4900', '5CG8366Y92', '3100102002-97', 'Windows 10', '2023-07-17 04:10:18', '2023-07-17 04:10:18', NULL),
('77b32408-298b-4033-b74b-3813eacadaac', 'ac82f2ee-66bf-4ce2-aa18-d9b92212a3e0', 'PC18RERA', '3100102001-147', 'Windows 11', '2023-07-17 03:34:52', '2023-07-17 03:34:52', NULL),
('77c48a00-e543-41e9-abce-d6c1fde27ba7', '62599538-13ba-4d9d-a24d-e4e007c09106', '71108586H', '3100102002-116', 'Windows 10', '2023-07-17 04:05:34', '2023-07-17 04:05:34', NULL),
('77ff91c9-f0c6-4bea-89ea-a20b5f18bc2a', '8247aeff-afc6-428b-99b2-f3b32d341858', 'Q15NC00053', '3050206017-77', NULL, '2023-11-05 18:55:32', '2023-11-05 19:01:46', NULL),
('7a40c195-8bb6-45b8-b6d4-503aa80cc6ea', '11c46139-0cf2-426a-993d-2753e13738a1', 'MA311040625', NULL, NULL, '2024-07-07 23:49:06', '2024-07-07 23:50:23', NULL),
('7aa1bff5-ff09-448d-92d3-74bc24dd1ddf', 'b9b47393-09e3-429e-9a6f-bb52201f7891', 'VNC3300604', '3100203003-57', NULL, '2023-07-17 05:57:33', '2023-07-17 05:57:33', NULL),
('7ac3d100-0761-4dfc-a5dc-ad26a141cc92', 'ac82f2ee-66bf-4ce2-aa18-d9b92212a3e0', 'PC18RFCL', '3100102001-148', 'Windows 11', '2023-07-17 03:34:52', '2023-11-19 21:50:18', NULL),
('7b97231c-714b-44c9-9c3a-8e17a5fc29c3', '8a046782-d23b-4699-98d6-b35ee8fb5414', 'TP2K535877', '3100203003-38', NULL, '2023-07-17 05:44:38', '2023-07-17 05:44:54', NULL),
('7bfb618f-f700-463e-87d0-aa260539a13e', '69bad80a-c2e2-4955-b35f-d5ba87673bc7', 'X5NZ093583', '3100203003-63', NULL, '2023-07-17 06:01:16', '2023-07-17 06:02:09', NULL),
('7cff5dcb-5c9b-4334-9279-74b716cbd497', 'b0375f28-a4c2-47db-9a3f-f77da19988b5', 'X6NX552263', '3100203003-59', NULL, '2023-07-17 06:00:13', '2023-07-17 06:00:43', NULL),
('823706c2-de75-4359-97f8-17154ee94caa', '8247aeff-afc6-428b-99b2-f3b32d341858', 'Q15NC00015', '3050206017-78', NULL, '2023-11-05 18:55:32', '2023-11-05 19:02:13', NULL),
('823d9717-b765-476d-a6e9-e4dd3bb9c590', 'f8cb8465-d2a7-4809-92be-da528b741f64', NULL, '3100102002-87', 'Windows 10', '2023-07-17 05:32:15', '2023-07-17 05:32:15', NULL),
('82a9e592-7770-4827-a716-86e2cd5d4fa2', '62599538-13ba-4d9d-a24d-e4e007c09106', '71108548H', '3100102002-115', 'Windows 10', '2023-07-17 04:05:34', '2023-07-17 04:05:34', NULL),
('83c737f0-58fd-4048-8cfe-bc6a369de5f7', 'c5b6911e-35f9-4115-9bba-238ad895d232', '9B1809A15579', '3060101048-54', NULL, '2024-07-08 20:15:17', '2024-07-08 20:17:01', NULL),
('8417c6bb-970d-493a-ba73-3fd241a74a39', '7f4eb3e5-5ac7-4f7c-b77f-67659ee3ee39', NULL, '3100102002-101', 'Windows 10', '2023-07-17 05:38:26', '2023-07-17 05:38:38', NULL),
('851a69ef-51c2-4b6c-8ab3-239e0f2b39d7', '3900c4c2-dc44-45c6-af33-a38589dd82f4', '241711406678SH', '3060101048-46', NULL, '2023-10-31 05:13:15', '2023-10-31 19:48:55', NULL),
('858e6788-a0a2-4acc-afed-814149d91e64', 'f4410d0f-32d3-4cf1-901c-cf44d879708d', '1CZ8310153', '', 'Windows 10', '2023-07-17 03:52:48', '2023-11-16 16:46:50', NULL),
('85cdc580-83e0-43cb-b974-43e87446996d', 'ac82f2ee-66bf-4ce2-aa18-d9b92212a3e0', 'PC18RFHF', '3100102001-150', 'Windows 11', '2023-07-17 03:34:52', '2023-11-19 21:52:49', NULL),
('868d3b15-e16c-4d9c-8156-551e1bedd2b1', 'b0375f28-a4c2-47db-9a3f-f77da19988b5', 'X6NX54740', '3100203003-58', NULL, '2023-07-17 06:00:13', '2023-07-17 06:00:31', NULL),
('86d8ddf7-b77e-4a70-a9be-45e90d081b8f', 'c5b6911e-35f9-4115-9bba-238ad895d232', '9B1935A30342', '3060101048-74', NULL, '2023-10-31 05:08:02', '2023-10-31 20:14:21', NULL),
('86ed67da-882f-4d6b-a592-692dcb4a5421', '9f5c3775-fe96-4abb-b831-59e7a45f0586', 'PC0XZFSK', '3100102001-119', 'Windows 10', '2023-07-17 03:50:42', '2023-07-17 03:50:42', NULL),
('8849ac42-df98-4dfc-8a9b-89b672e2288d', '62599538-13ba-4d9d-a24d-e4e007c09106', '71108670H', '3100102002-118', 'Windows 10', '2023-07-17 04:05:34', '2023-07-17 04:05:34', NULL),
('8b0b5110-8977-45de-9aaf-e4678516e1ef', '5ce19328-275b-4a1d-b8d5-efb585e0e2f8', 'X4EK000153', '3100203003-41', NULL, '2023-07-17 05:47:31', '2023-07-17 05:47:31', NULL),
('8b9ba478-d52a-444a-a215-a45dd07fbc2e', '8247aeff-afc6-428b-99b2-f3b32d341858', 'Q15NC00030', '3050206017-74', NULL, '2023-11-05 18:55:32', '2023-11-05 19:00:12', NULL),
('8e697286-8d89-4f1e-b13d-951eaa27dd60', '86df6be7-2d12-4655-b8f7-2ff83dc1a8ec', '34B2G2S', '3100102001-55', 'Windows 10', '2023-11-14 19:38:50', '2023-11-16 16:31:41', NULL),
('8ec15522-328c-43cf-b23a-110e6e2dcf19', '62599538-13ba-4d9d-a24d-e4e007c09106', '71108626H', '3100102002-119', 'Windows 10', '2023-07-17 04:05:34', '2023-07-17 04:05:34', NULL),
('91e20a47-2cfd-452d-887c-5d3496b6b6e1', '4c89cfb6-3c92-442a-9ab1-49f12d0ace1e', '8CG840190C', '3100102001-123', 'Windows 10', '2023-07-17 04:03:07', '2023-07-17 04:03:07', NULL),
('9244f4e1-5504-481b-9611-651ee756a48f', '46658dc0-ba3d-4f38-8f1b-950987050b01', NULL, '3100204024-12', NULL, '2023-11-07 15:32:09', '2024-07-06 18:55:52', NULL),
('9290a315-a566-46da-b0ee-2da9a111468c', 'ec6e4b39-f423-4c9e-9977-7847e90509c7', 'C2MZY42', '3100102001-73', 'Windows 10', '2023-11-14 19:39:47', '2023-11-14 19:50:12', NULL),
('92c8de15-8849-4016-a2aa-f9b8ea258c47', '4c89cfb6-3c92-442a-9ab1-49f12d0ace1e', '8CG8401CXX', '3100102001-120', 'Windows 10', '2023-07-17 04:03:07', '2023-07-17 04:03:07', NULL),
('947dac96-59e2-4309-a727-2647b5bf865a', '46658dc0-ba3d-4f38-8f1b-950987050b01', '9MMTX42', '3100204024-8', NULL, '2023-11-07 15:32:09', '2023-11-07 15:32:49', NULL),
('95fbf23e-ed7c-4f1a-bd54-73cd35aa4d2f', 'f8cb8465-d2a7-4809-92be-da528b741f64', 'PF16YHDE', '3100102002-90', 'Windows 10', '2023-07-17 05:32:15', '2023-07-17 05:32:15', NULL),
('96125c3b-9525-41c9-8d4e-3256ad45ae12', '3900c4c2-dc44-45c6-af33-a38589dd82f4', '241711407387SH', '3060101048-52', NULL, '2023-10-31 05:13:15', '2023-10-31 20:07:44', NULL),
('9854cbea-470b-4900-a553-707ec93e2bd2', 'c5b6911e-35f9-4115-9bba-238ad895d232', '9B1928A05687', '3060101048-65', NULL, '2023-10-31 05:08:02', '2023-10-31 20:11:22', NULL),
('9a8ea349-5373-43b5-9759-dfabc4daaa3a', 'e35aa4c1-95b8-458a-891d-a19ab5f21617', NULL, NULL, NULL, '2023-11-07 15:30:15', '2023-11-07 15:30:15', NULL),
('9b858b85-63ff-43ff-937c-259de2e232bd', '46658dc0-ba3d-4f38-8f1b-950987050b01', NULL, '3100204024-11', NULL, '2023-11-07 15:32:09', '2023-11-07 15:33:51', NULL),
('9d7ea520-5437-4156-a563-1fb39a0e5276', 'f4410d0f-32d3-4cf1-901c-cf44d879708d', '1CZ831018M', '3100102001-112', 'Windows 10', '2023-07-17 03:52:48', '2023-07-17 03:52:48', NULL),
('9d98d504-16d2-46d9-aa00-bc359fdf9aa5', 'f4410d0f-32d3-4cf1-901c-cf44d879708d', NULL, NULL, 'Windows 11', '2023-11-19 20:25:24', '2023-11-19 20:25:24', NULL),
('a041ef32-85a7-4f48-9812-3f39f3844056', '9f5c3775-fe96-4abb-b831-59e7a45f0586', 'PC0XZFTN', '3100102001-117', 'Windows 10', '2023-07-17 03:50:42', '2023-07-17 03:50:42', NULL),
('a0c1e6a0-5ea3-4570-9444-adf23383831f', '6d00e192-1e98-4ad1-84c4-dba21d2e41c9', 'LTNRKD93551330A', '3100102002-99', 'Windows 10', '2023-07-17 05:42:48', '2023-07-17 05:43:07', NULL),
('a0f1fc0a-c459-4879-8c7b-25c15ead5fd4', 'f4410d0f-32d3-4cf1-901c-cf44d879708d', '1CZ8310185', '3100102001-116', 'Windows 10', '2023-07-17 03:52:48', '2023-07-17 03:52:48', NULL),
('a11662d5-62de-435d-b5f0-71f722e2ebc9', 'ec6e4b39-f423-4c9e-9977-7847e90509c7', '6VMZY42', '3100102001-69', 'Windows 10', '2023-11-14 19:39:47', '2023-11-14 19:48:15', NULL),
('a6104664-f36e-439c-a3e9-3e5c21946129', 'ac82f2ee-66bf-4ce2-aa18-d9b92212a3e0', 'PC18RFKY', '3100102001-133', 'Windows 11', '2023-07-17 03:34:52', '2023-11-20 19:22:09', NULL),
('a87b5934-d7c0-4f28-927d-54a11563a780', '69bad80a-c2e2-4955-b35f-d5ba87673bc7', 'X5NZ112098', '3100203003-62', NULL, '2023-07-17 06:01:16', '2023-07-17 06:01:55', NULL),
('a8cd2340-2900-4e99-a9c7-d0cd59e1c7dd', '885b41b3-b514-4a13-b237-466338cbf3c0', NULL, NULL, NULL, '2023-10-31 05:25:31', '2023-10-31 05:25:31', NULL),
('a9573ecb-c1af-4eb3-bc54-f2f6a4c9c7b1', '5ce19328-275b-4a1d-b8d5-efb585e0e2f8', 'X4EK000141', '3100203003-42', NULL, '2023-07-17 05:47:31', '2023-07-17 05:47:31', NULL),
('a971fa71-b7bb-41b2-aa27-898e4fbee31f', 'f8cb8465-d2a7-4809-92be-da528b741f64', 'PF15QPB7', '3100102002-89', 'Windows 10', '2023-07-17 05:32:15', '2023-07-17 05:32:15', NULL),
('aad86904-3471-43d7-924f-b287e4faee03', 'c5b6911e-35f9-4115-9bba-238ad895d232', '9B1935A26977', '3060101048-67', NULL, '2023-10-31 05:08:02', '2023-10-31 20:12:29', NULL),
('ac367383-5757-4c5f-b734-15b3c12ec4b0', '3900c4c2-dc44-45c6-af33-a38589dd82f4', '24171140786SH', '3060101048-43', NULL, '2023-10-31 05:13:15', '2023-10-31 19:47:57', NULL),
('acf9e6a3-73d0-4ffe-8c86-8783f3cc1485', '11c46139-0cf2-426a-993d-2753e13738a1', 'MA311040496', NULL, NULL, '2023-11-07 15:27:57', '2024-07-07 23:39:34', NULL),
('adf96e30-d584-4258-af81-86ac06005d32', '11c46139-0cf2-426a-993d-2753e13738a1', 'MA311040488', NULL, NULL, '2023-11-07 15:27:57', '2023-11-19 20:19:18', NULL),
('ae20bc78-66cd-4d51-bace-07f446e73ddc', '86df6be7-2d12-4655-b8f7-2ff83dc1a8ec', 'JXB2G2S', '3100102001-56', 'Windows 10', '2023-11-14 19:38:50', '2023-11-16 16:32:04', NULL),
('ae51ae35-46e4-47ae-8107-a706b7c90918', '097b8b23-0c96-412d-a7b6-a159ec691985', '4CE8402QN0', '3100101007-1', 'Windows 11', '2023-10-31 05:28:34', '2023-10-31 05:30:27', NULL),
('af68a81e-fd89-4743-946c-5dd8ac2aea71', '3900c4c2-dc44-45c6-af33-a38589dd82f4', '241711406626SH', '3060101048-51', NULL, '2023-10-31 05:13:15', '2023-10-31 20:06:53', NULL),
('b10f0f2a-96d0-448a-a59d-93a46dc8a844', 'e35aa4c1-95b8-458a-891d-a19ab5f21617', NULL, NULL, NULL, '2023-11-07 15:30:15', '2023-11-07 15:30:15', NULL),
('b14fd70c-e789-49ed-b2f0-7573d2f63390', '11c46139-0cf2-426a-993d-2753e13738a1', 'MA311040442', NULL, NULL, '2023-11-07 15:27:57', '2023-11-20 00:46:11', NULL),
('b27b528f-ff5b-40ba-8d51-accafe98c0bd', 'f4410d0f-32d3-4cf1-901c-cf44d879708d', '1CZ83100V9', '3100102001-115', 'Windows 10', '2023-07-17 03:52:48', '2023-07-17 03:52:48', NULL),
('b2869ad2-f2de-45f4-9e29-31fef433a6ac', 'f4410d0f-32d3-4cf1-901c-cf44d879708d', '1CZ83101F6', '3100102001-110', 'Windows 10', '2023-07-17 03:52:48', '2023-07-17 03:52:48', NULL),
('b29b0673-4df9-46db-abb0-fa1f56416352', 'e35aa4c1-95b8-458a-891d-a19ab5f21617', NULL, NULL, NULL, '2023-11-07 15:30:15', '2023-11-07 15:30:15', NULL),
('b45cd59a-18ea-4e77-82fb-a28d90eca3fb', '3900c4c2-dc44-45c6-af33-a38589dd82f4', '241711406625SH', '3060101048-40', NULL, '2023-10-31 05:13:15', '2023-10-31 19:40:18', NULL),
('b5b1c628-8556-4093-9c41-c9c42ecca1b7', 'f8cb8465-d2a7-4809-92be-da528b741f64', 'PF15QRS2', '3100102002-88', 'Windows 10', '2023-07-17 05:32:15', '2023-07-17 05:32:15', NULL),
('b897bb66-9e91-4ae9-aaf0-59b73a8e8ebf', '62599538-13ba-4d9d-a24d-e4e007c09106', '71108552H', '3100102002-121', 'Windows 10', '2023-07-17 04:05:34', '2023-07-17 04:05:34', NULL),
('ba3793e3-cb3e-4972-867e-8b621bc52bb7', 'c5b6911e-35f9-4115-9bba-238ad895d232', '9B1928A04612', '3060101048-80', NULL, '2023-10-31 05:08:02', '2023-10-31 20:16:53', NULL),
('ba5ac375-c5e9-4347-833d-5fe028b2eedd', '69bad80a-c2e2-4955-b35f-d5ba87673bc7', 'X5NZ107545', '3100203003-61', NULL, '2023-07-17 06:01:16', '2023-07-17 06:01:43', NULL),
('bac73eeb-cc60-42fa-a579-96526e16e73c', 'ac82f2ee-66bf-4ce2-aa18-d9b92212a3e0', 'PC18RFKT', '3100102001-141', 'Windows 11', '2023-07-17 03:34:52', '2023-11-19 22:17:23', NULL),
('bb989a71-86ec-47f2-927c-ae65f2e5d3ed', '69bad80a-c2e2-4955-b35f-d5ba87673bc7', 'X5NZ106542', '3100203003-60', NULL, '2023-07-17 06:01:16', '2023-07-17 06:01:29', NULL),
('bcd0dba6-b5ce-4ef4-b1ad-ee07315c84b5', '11c46139-0cf2-426a-993d-2753e13738a1', 'MA342154N1397', '3660101048-6', NULL, '2023-11-07 15:27:57', '2023-11-19 19:58:48', NULL),
('bd2b2c62-997d-48fc-9d0c-03e30ccda333', 'acf9a172-19cd-4651-8b50-17e57d0f25d9', '5CG848240P', '31000102003-56', 'Windows 10', '2023-07-17 05:30:26', '2023-07-17 05:30:26', NULL),
('bd64b4cb-0048-49fd-9337-805a465593cb', 'ec6e4b39-f423-4c9e-9977-7847e90509c7', '8ZMZY42', '3100102001-68', 'Linux', '2023-11-14 19:39:47', '2024-06-11 20:31:53', NULL),
('bdb9bf55-b069-4972-a991-7c0f460fd173', 'c5b6911e-35f9-4115-9bba-238ad895d232', '9B1928A04613', '3060101048-87', NULL, '2023-10-31 05:08:02', '2023-10-31 20:22:07', NULL),
('be05e476-af7e-44fe-88a6-f6370252a61c', '3900c4c2-dc44-45c6-af33-a38589dd82f4', '241711407386SH', '3060101048-48', NULL, '2023-10-31 05:13:15', '2023-10-31 19:53:27', NULL),
('c008048f-5eb8-4693-8608-dcee81c595d7', '62599538-13ba-4d9d-a24d-e4e007c09106', '71108563H', '3100102002-110', 'Windows 10', '2023-07-17 04:05:34', '2023-07-17 04:05:34', NULL),
('c274e5df-38dd-4a42-85c3-a41f6347bc9c', '8415a454-2947-4339-a4e1-98abf456c63b', NULL, NULL, 'Android', '2023-11-14 19:52:42', '2023-11-14 19:52:42', NULL),
('c2b51148-5c05-4477-832a-c3936fd5a927', 'ac82f2ee-66bf-4ce2-aa18-d9b92212a3e0', 'PC18RLA3', '3100102001-144', 'Windows 11', '2023-07-17 03:34:52', '2023-11-19 21:51:02', NULL),
('c400ecb4-5d1d-4c1a-8633-121e319aec22', '76ee4fd3-87a5-475b-871a-e3ac2a42a988', 'X57A001254', '3100203003-65', NULL, '2023-07-17 06:03:41', '2023-07-17 06:03:56', NULL),
('c4417d7f-2e77-45ac-8bd4-0276d9bbe6b1', 'c5b6911e-35f9-4115-9bba-238ad895d232', '9B1928A04610', '3060101048-66', NULL, '2023-10-31 05:08:02', '2023-10-31 20:11:38', NULL),
('c46637f0-6110-426a-b961-d984d9380fcc', 'ec6e4b39-f423-4c9e-9977-7847e90509c7', NULL, '3100102001-65', 'Windows 10', '2023-11-14 19:39:47', '2023-11-14 19:43:33', NULL),
('c49237f1-af25-47f6-a721-28eb2d407f38', 'ac82f2ee-66bf-4ce2-aa18-d9b92212a3e0', 'PC18RFAK', '3100102001-143', 'Windows 11', '2023-07-17 03:34:52', '2023-11-20 19:58:10', NULL),
('c56d8b50-b386-4062-9c60-79fe84a3573e', 'e35aa4c1-95b8-458a-891d-a19ab5f21617', NULL, NULL, NULL, '2023-11-07 15:30:15', '2023-11-07 15:30:15', NULL),
('c5a3e68f-3433-4905-86fb-f1f14365d350', '9f5c3775-fe96-4abb-b831-59e7a45f0586', 'PC0XZFT2', '3100102001-118', 'Windows 10', '2023-07-17 03:50:42', '2023-07-17 03:50:42', NULL),
('c6c0836a-85ba-422d-a579-30b7b26ab3c4', '3aa1d343-0f95-4dc7-b6aa-b9d2d3bcc62e', '8CC82903X4', '3100102001-125', 'Windows 11', '2023-07-17 04:01:03', '2023-07-17 04:01:03', NULL),
('c769e98a-2432-43ec-ad66-29160388f4d4', '86df6be7-2d12-4655-b8f7-2ff83dc1a8ec', '9FB2G2S', '3100102001-62', 'Windows 7', '2023-11-14 19:38:50', '2023-11-16 16:34:33', NULL),
('c7d3dc89-ccaa-4f5f-88b4-916d20d93ba8', '93fff112-b945-44f8-8880-d787b57ee177', NULL, NULL, NULL, '2023-11-07 15:36:40', '2023-11-07 15:36:40', NULL),
('c7ebac0f-42c3-49a4-85d7-3e8cb4dc3f3c', '62599538-13ba-4d9d-a24d-e4e007c09106', '71108636H', '3100102002-103', 'Windows 10', '2023-07-17 04:05:34', '2023-07-17 04:05:34', NULL),
('c873024b-37a3-450e-81b3-b99a313cf5a6', '62599538-13ba-4d9d-a24d-e4e007c09106', '71108574H', '3100102002-113', 'Windows 10', '2023-07-17 04:05:34', '2023-07-17 04:05:34', NULL),
('c8f5c81a-419f-4d47-ada0-057b76d0b161', '5ce19328-275b-4a1d-b8d5-efb585e0e2f8', NULL, '3100203003-43', NULL, '2023-07-17 05:47:31', '2023-07-17 05:47:31', NULL),
('c919af7c-31bf-4969-8281-ba10712f3bee', 'ef021d92-8413-46f8-bb7d-566bd81ce12c', 'CN1357501T', '3100203003-64', NULL, '2023-07-17 06:03:05', '2023-07-17 06:03:18', NULL),
('c9c77937-2316-4c4a-854c-be980805231f', 'f4410d0f-32d3-4cf1-901c-cf44d879708d', '1CZ83100YL', '3100102001-106', 'Windows 10', '2023-07-17 03:52:48', '2023-07-17 03:52:48', NULL),
('cade3f8b-c467-442d-8b8a-da4910b45f8e', '86df6be7-2d12-4655-b8f7-2ff83dc1a8ec', 'F8C2G2S', NULL, 'Windows 10', '2023-11-14 19:38:50', '2023-11-17 01:03:45', NULL),
('cb1d9e86-bd2d-42b2-8245-12a774289f5c', 'd6689d2e-6a99-42b9-9d87-545d4515560f', '5CD8327X70', '3100102002-77', 'Windows 10', '2023-07-17 04:12:48', '2023-07-17 04:12:48', NULL),
('cb3853df-6799-4590-b38e-dc0f332a995e', 'ac82f2ee-66bf-4ce2-aa18-d9b92212a3e0', 'PC18RHHG', '3100102001-142', 'Windows 11', '2023-07-17 03:34:52', '2023-11-19 20:53:21', NULL),
('cf3a17fe-648e-453d-b952-372c7acb735f', '11c46139-0cf2-426a-993d-2753e13738a1', 'MA311040497', '3060101048-1', NULL, '2024-07-07 23:49:06', '2024-07-07 23:56:52', NULL),
('cfed60b6-f1e6-45b0-a7b8-59b1fb4dfa56', '8247aeff-afc6-428b-99b2-f3b32d341858', 'Q15NC00060', '3050206017-73', NULL, '2023-11-05 18:55:32', '2023-11-05 18:59:50', NULL),
('d0da1816-e159-4217-bb0a-59e4430401a0', '62599538-13ba-4d9d-a24d-e4e007c09106', '71108553H', '3100102002-114', 'Windows 10', '2023-07-17 04:05:34', '2023-07-17 04:05:34', NULL),
('d12a2a65-d4f9-4018-8a4e-209a58b79607', 'c5b6911e-35f9-4115-9bba-238ad895d232', '9B1928A04611', '3060101048-77', NULL, '2023-10-31 05:08:02', '2023-10-31 20:15:17', NULL),
('d2ce08bc-5640-4eea-ab4c-b6f869cdc5e8', '86df6be7-2d12-4655-b8f7-2ff83dc1a8ec', '87C2G2S', '3100102001-58', 'Windows 10', '2023-11-14 19:38:50', '2023-11-16 16:33:10', NULL),
('d395b95d-00ba-4e8e-8873-cf19f3ff9528', 'ac82f2ee-66bf-4ce2-aa18-d9b92212a3e0', 'PC18RL73', '3100102001-136', 'Windows 11', '2023-07-17 02:32:43', '2023-11-20 19:26:43', NULL),
('d48162e4-1a7f-4837-9892-2f7ef433736f', 'd6689d2e-6a99-42b9-9d87-545d4515560f', '5CD8327X79', '3100102002-75', 'Windows 10', '2023-07-17 04:12:48', '2023-12-12 20:23:49', NULL),
('d49fdac3-428e-47b5-a799-ab6b7649e1af', '62599538-13ba-4d9d-a24d-e4e007c09106', '71108547H', '3100102002-120', 'Windows 10', '2023-07-17 04:05:34', '2023-07-17 04:05:34', NULL),
('d5196a12-dc67-42c0-96c5-0e1b1f10fea9', 'f8cb8465-d2a7-4809-92be-da528b741f64', 'PF16YSJI', '3100102002-85', 'Windows 10', '2023-07-17 05:32:15', '2023-07-17 05:32:15', NULL),
('d776953a-277c-4c98-ab13-a1cf8eadfd1e', '62599538-13ba-4d9d-a24d-e4e007c09106', '71108645H', '3100102002-109', 'Windows 10', '2023-07-17 04:05:34', '2023-07-17 04:05:34', NULL),
('d778bfa7-e5ed-4a78-9125-3d96432b2f11', '5f8f7eaf-ddf0-4bdb-b5c6-d764de223839', 'U1H6DA97', '31001002001-80', 'Windows 10', '2023-07-17 03:59:32', '2023-07-17 03:59:32', NULL),
('d9d6cd19-10f9-4ae1-b777-6ad0c6923b41', '3900c4c2-dc44-45c6-af33-a38589dd82f4', '241711407389SH', '3060101048-53', NULL, '2023-10-31 05:13:15', '2023-10-31 20:08:02', NULL),
('da667ebe-2b82-41d1-99a4-878c9c4f85ff', '62599538-13ba-4d9d-a24d-e4e007c09106', '71108632H', '3100102002-106', 'Windows 10', '2023-07-17 04:05:34', '2023-07-17 04:05:34', NULL),
('da9c9b69-5660-4878-9e9e-d62f32cff968', 'ec6e4b39-f423-4c9e-9977-7847e90509c7', 'CMMZY42', '3100102001-74', 'Windows 10', '2023-11-14 19:39:47', '2023-11-14 19:50:44', NULL),
('dcb6dd4c-aaea-4257-a194-983ef05b4557', 'f8cb8465-d2a7-4809-92be-da528b741f64', 'PF15QTGV', '3100102002-81', 'Windows 10', '2023-07-17 05:32:15', '2023-11-20 18:54:37', NULL),
('dd5620cb-955d-4406-8900-1fbab7238d9f', 'c5b6911e-35f9-4115-9bba-238ad895d232', '9B1928A05686', '3060101048-68', NULL, '2023-10-31 05:08:02', '2023-10-31 20:12:45', NULL),
('df994137-4c4a-46b9-8d21-1633e596759d', '62599538-13ba-4d9d-a24d-e4e007c09106', '71108541H', '3100102002-112', 'Windows 10', '2023-07-17 04:05:34', '2023-07-17 04:05:34', NULL),
('e09a47a4-125b-4174-87f1-41c5f70bf9aa', 'c5b6911e-35f9-4115-9bba-238ad895d232', '9B1935A25976', '3060101048-81', NULL, '2023-10-31 05:08:02', '2023-10-31 20:17:14', NULL),
('e28c5cac-cd40-4ad7-9e32-2d04e581eb0b', 'f4410d0f-32d3-4cf1-901c-cf44d879708d', '1CZ83100WZ', '3100102001-109', 'Windows 10', '2023-07-17 03:52:48', '2023-07-17 03:52:48', NULL),
('e3255d00-a1a5-45b1-8448-73cd13238671', 'f8cb8465-d2a7-4809-92be-da528b741f64', 'PF15APBT', '3100102002-83', 'Windows 10', '2023-07-17 05:32:15', '2023-07-17 05:32:15', NULL),
('e51b637e-5cb9-4d4f-bde5-b86f79923fda', 'c5b6911e-35f9-4115-9bba-238ad895d232', '9B1935A26975', '3060101048-63', NULL, '2023-10-31 05:08:02', '2023-11-20 19:35:26', NULL),
('e5b9b97e-ca1b-46e3-ac44-0ee44630de69', 'ac82f2ee-66bf-4ce2-aa18-d9b92212a3e0', 'PC18JDGX', '3100102001-134', 'Windows 11', '2023-07-17 03:34:52', '2023-11-20 19:33:58', NULL),
('e7a0e2a2-9436-45da-935d-043ae3730c39', '93fff112-b945-44f8-8880-d787b57ee177', NULL, NULL, NULL, '2023-11-07 15:36:40', '2023-11-07 15:36:40', NULL),
('e84f2fe0-f503-4225-8382-350c5f2b9699', '8247aeff-afc6-428b-99b2-f3b32d341858', 'Q15NC00022', '3050206017-81', NULL, '2023-11-05 18:55:32', '2023-11-05 19:03:07', NULL),
('ea591459-64d3-4f5a-9272-61216cad42c2', '4c89cfb6-3c92-442a-9ab1-49f12d0ace1e', '8CG8401CVS', '3100102001-122', 'Windows 10', '2023-07-17 04:03:07', '2023-07-17 04:03:07', NULL),
('eaeac0ba-852f-4889-99c6-6511da7dde78', 'c5b6911e-35f9-4115-9bba-238ad895d232', '9B1928A05689', '3060101048-69', NULL, '2023-10-31 05:08:02', '2023-10-31 20:12:59', NULL),
('ec7199c8-1daf-47c2-85f8-f7dfb983cedb', 'e35aa4c1-95b8-458a-891d-a19ab5f21617', NULL, NULL, NULL, '2023-11-07 15:30:15', '2023-11-07 15:30:15', NULL),
('edf5e56e-a7e9-4252-9168-56750a7e4b84', '86df6be7-2d12-4655-b8f7-2ff83dc1a8ec', 'F2C2G2S', '3100102001-61', 'Windows 7', '2023-11-14 19:38:50', '2023-11-16 16:34:12', NULL),
('ee6c6c22-8a4d-40c6-ac09-37b228a9fdb7', 'c5b6911e-35f9-4115-9bba-238ad895d232', '9B1935A30343', '3060101048-76', NULL, '2024-07-08 20:15:17', '2024-07-08 20:19:02', NULL),
('f087aead-0790-408d-83e1-a117b96ed4f5', '735da605-b15d-4c5b-86f9-840e205ef6db', 'F7N0WU00106227A', '3100102002-73', 'Windows 10', '2023-07-17 04:23:13', '2023-07-17 04:23:13', NULL),
('f2cf6622-ea16-4d1e-9c5b-554d3d9c440b', 'f3c56960-d711-440f-b109-38b20d4a7de1', 'CNC1L8Y08G', '3100203003-46', NULL, '2023-07-17 05:55:13', '2023-07-17 05:55:13', NULL),
('f41b7ce8-1b33-42ed-bb80-0ae00a4c49e2', '11c46139-0cf2-426a-993d-2753e13738a1', NULL, NULL, NULL, '2024-07-07 23:49:06', '2024-07-07 23:49:06', NULL),
('f6e76cad-f630-4cb9-a246-a4df402a9f57', '56811267-f6f9-4082-9328-04d3c7ab2e60', 'X6MQ003292', NULL, NULL, '2023-11-14 00:54:22', '2023-11-14 00:55:11', NULL),
('f73f7068-392b-415d-a78c-8528f2218b37', '1da80678-f130-46c8-bff1-841c6def4900', '5CG83674W3', '3100102002-95', 'Windows 10', '2023-07-17 04:10:18', '2023-07-17 04:10:18', NULL),
('f91035e1-7fd4-432a-abc4-52572141ae59', 'f4410d0f-32d3-4cf1-901c-cf44d879708d', '1CZ83101K2', '3100102001-114', 'Windows 10', '2023-07-17 03:52:48', '2023-07-17 03:52:48', NULL),
('f97681d7-d171-4d76-a7f9-429d8ac0b6ec', '4c89cfb6-3c92-442a-9ab1-49f12d0ace1e', '8CG840191F', '', 'Windows 10', '2023-07-17 04:03:07', '2023-11-19 20:21:40', NULL),
('fa830c36-e516-424a-8ab3-90bd1753ea17', '0e1a75f9-9e82-476f-8e43-f98c2eada415', NULL, NULL, NULL, '2023-10-31 05:24:42', '2023-10-31 05:24:42', NULL),
('fc6e0f10-fb58-4020-89d5-7fdf57a50db5', '3900c4c2-dc44-45c6-af33-a38589dd82f4', '241711407168SH', '3060101048-44', NULL, '2023-10-31 05:13:15', '2023-10-31 19:48:19', NULL),
('fd483709-7e46-4a38-bdbd-2f8cdf429d51', 'f8cb8465-d2a7-4809-92be-da528b741f64', NULL, '3100102002-92', 'Windows 10', '2023-07-17 05:32:15', '2023-07-17 05:32:15', NULL),
('fee89f52-e404-4024-948f-690b9ef34cab', '46658dc0-ba3d-4f38-8f1b-950987050b01', NULL, '3100204024-14', NULL, '2023-11-07 15:32:09', '2024-07-06 18:38:05', NULL),
('ff3aa970-1a56-492e-8857-b08085953ac8', 'd6689d2e-6a99-42b9-9d87-545d4515560f', '5CD8327X4V', '3100102002-74', 'Windows 10', '2023-07-17 04:12:48', '2023-07-17 04:12:48', NULL),
('fff1b059-f256-443e-83cd-176d63c5e528', 'f8cb8465-d2a7-4809-92be-da528b741f64', NULL, '3100102002-84', 'Windows 10', '2023-07-17 05:32:15', '2023-07-17 05:32:15', NULL);

-- --------------------------------------------------------

--
-- Table structure for table `device_maintenance`
--

CREATE TABLE `device_maintenance` (
  `id` char(36) CHARACTER SET utf8mb4 COLLATE utf8mb4_unicode_ci NOT NULL,
  `device_master_id` char(36) CHARACTER SET utf8mb4 COLLATE utf8mb4_unicode_ci NOT NULL,
  `device_id` char(36) CHARACTER SET utf8mb4 COLLATE utf8mb4_unicode_ci NOT NULL,
  `state_id` char(36) CHARACTER SET utf8mb4 COLLATE utf8mb4_unicode_ci DEFAULT NULL,
  `request_id` char(36) CHARACTER SET utf8mb4 COLLATE utf8mb4_unicode_ci DEFAULT NULL,
  `condition` enum('rusak berat','rusak ringan','baik') CHARACTER SET utf8mb4 COLLATE utf8mb4_unicode_ci NOT NULL,
  `maintenance` enum('belum perbaikan','sedang perbaikan','selesai perbaikan','batal perbaikan') CHARACTER SET utf8mb4 COLLATE utf8mb4_unicode_ci NOT NULL DEFAULT 'belum perbaikan',
  `description` text CHARACTER SET utf8mb4 COLLATE utf8mb4_unicode_ci,
  `repair_request` tinyint(1) NOT NULL DEFAULT '2',
  `memo_id` char(36) CHARACTER SET utf8mb4 COLLATE utf8mb4_unicode_ci DEFAULT NULL,
  `created_at` timestamp NULL DEFAULT NULL,
  `maintenance_at` timestamp NULL DEFAULT NULL,
  `completed_at` timestamp NULL DEFAULT NULL,
  `deleted_at` timestamp NULL DEFAULT NULL
) ENGINE=InnoDB DEFAULT CHARSET=utf8mb4 COLLATE=utf8mb4_unicode_ci;

--
-- Dumping data for table `device_maintenance`
--

INSERT INTO `device_maintenance` (`id`, `device_master_id`, `device_id`, `state_id`, `request_id`, `condition`, `maintenance`, `description`, `repair_request`, `memo_id`, `created_at`, `maintenance_at`, `completed_at`, `deleted_at`) VALUES
('0073e68f-8b61-4937-b9a2-9f8ecb219cd6', 'ac82f2ee-66bf-4ce2-aa18-d9b92212a3e0', '64dc80a8-6f16-49ca-be45-e97c5bd5c7f0', '2e16ef74-5e7e-4472-9e1b-3abbe4a84657', NULL, 'rusak ringan', 'belum perbaikan', '<div>lorem ipsum dolor</div>', 2, NULL, '2024-07-06 16:45:00', NULL, NULL, '2024-07-06 17:43:18'),
('04f1975a-f292-403a-86b0-c76fdfeedae8', 'f4410d0f-32d3-4cf1-901c-cf44d879708d', '0b447496-425c-4476-91c6-61f07712d192', 'a7468c37-e4af-4d9c-9b48-eafb5db06744', 'ba281990', 'rusak berat', 'batal perbaikan', '<div><strong>Permasalahan<br></strong>- Motherboard rusak<br>- Processor rusa</div>', 2, NULL, '2023-11-16 08:50:41', NULL, '2023-11-18 21:09:41', NULL),
('09b36edd-618b-4a99-9a38-f2d4db3b4ffd', '86df6be7-2d12-4655-b8f7-2ff83dc1a8ec', '65ab1001-5699-4bd9-93e2-979855451dc4', 'b069c25f-3406-480d-88c2-7c67bc5898a5', '92226073', 'rusak ringan', 'sedang perbaikan', '<div><strong>Permasalahan</strong></div><div>- Komputer menyala tetapi tidak ada gambar<br>- Terdengar bunyi beep 3 kali saat booting</div>', 2, NULL, '2023-11-16 08:43:57', '2023-11-22 16:25:27', NULL, NULL),
('0af823de-7687-4ea7-b919-660ab02a6c04', '86df6be7-2d12-4655-b8f7-2ff83dc1a8ec', '66a5e940-f848-4a79-92d5-a55c73b14215', 'a091146a-f41c-4bf8-8a1e-efc961d5ed9f', NULL, 'rusak ringan', 'belum perbaikan', '<div>Hardisk sudah rusak</div>', 2, NULL, '2024-07-07 09:20:12', NULL, NULL, '2024-07-07 09:22:10'),
('11c97398-57d6-4109-ab11-26da6d3824f4', '2448fd19-0a59-45cb-870e-64c7e0d1d86c', '3f52c076-dc8f-4db1-84af-a5f5e3e09465', '83992168-c866-49e3-93e0-55b92e66d2c9', '5c4c62d4', 'baik', 'selesai perbaikan', '<div>Kipas laptop tidak berfungsi<br><br>Perbaikan&nbsp;<br>kipas sudah diganti.</div>', 2, NULL, '2024-06-06 16:05:46', '2024-06-06 16:08:02', '2024-06-06 16:08:51', NULL),
('12450402-4f44-467e-a9d8-95cad89525d2', '1da80678-f130-46c8-bff1-841c6def4900', '778a1178-6a99-447a-82cd-c226eece0eaf', 'd99e77bc-6538-46a5-b85d-57bae01ad405', '2a19121a', 'rusak ringan', 'belum perbaikan', '<p>Kerusakan pada casing laptop bagian keyboard. Ketika membuka layar laptop, casing ikut terangkat.</p>\n\n<p>Laptop tidak jadi diperbaiki karena tidak ada tempat servis yg bisa perbaiki di mamuju</p>', 2, NULL, '2023-07-28 00:25:02', NULL, NULL, NULL),
('1bb7f95d-15bf-4b3c-a9e6-50dfa4085978', 'c5b6911e-35f9-4115-9bba-238ad895d232', '6b20fafc-2095-4e02-8b22-d7b3f04dc818', '1f03bea7-cb6b-4df7-becf-4a4a415d9eba', 'ed16c626', 'baik', 'selesai perbaikan', '<p class=\"font-bold\">Permasalahan</p>\n<p>Baterai tidak menyimpan listrik</p>\n<br>\n<p class=\"font-bold\">Solusi</p>\n<p>Ganti baterai merk ICAL-IP1272</p>', 2, NULL, '2023-11-12 11:34:21', '2023-11-12 11:34:36', '2023-11-12 11:38:50', NULL),
('22f7b060-e0c5-4aa7-92b6-4dd5be715277', 'c5b6911e-35f9-4115-9bba-238ad895d232', '23ac74ed-3134-46e2-835c-51b587669184', '6591f973-4fe6-4ab1-ad60-bcbdd939524d', 'f8955b1a', 'baik', 'selesai perbaikan', '<div><strong>PERMASALAHAN<br>p</strong>erangkat tidak menyimpan listrik<br><br><strong>PERBAIKAN<br></strong>Ganti baterai ups merek ovo</div>', 2, NULL, '2023-11-20 08:40:48', '2023-11-22 16:24:28', '2023-12-18 12:15:04', NULL),
('24bb37a8-a903-4e4c-8d0f-f4983fd45284', 'c5b6911e-35f9-4115-9bba-238ad895d232', '2010fb76-9ecd-4506-8ff0-8821bc84100d', '6e548f45-550e-4ddd-b7ce-4e99faf37ab1', '5ad7c7be', 'baik', 'selesai perbaikan', '<p class=\"font-bold\">Permasalahan</p>\n<p>Baterai tidak menyimpan listrik</p>\n<br>\n<p class=\"font-bold\">Perbaikan</p>\n<p>Ganti baterai merk OVO NA-12</p>', 2, NULL, '2023-11-12 11:54:27', '2023-11-12 11:54:36', '2023-11-12 11:58:57', NULL),
('2bb2a9b9-b072-482e-831a-479db1d6d608', '11c46139-0cf2-426a-993d-2753e13738a1', '52277dd0-4486-4d9c-913f-4c7aad0bd841', '64f8cbee-7b35-4826-bcfe-2428e3b227c2', NULL, 'baik', 'selesai perbaikan', '<div>Baterai sudah rusak</div>', 0, NULL, '2024-07-07 15:54:12', NULL, '2024-07-08 12:01:15', NULL),
('2cc5edbb-a06a-4c5b-a597-e38cb8dc314a', 'c5b6911e-35f9-4115-9bba-238ad895d232', 'dd5620cb-955d-4406-8900-1fbab7238d9f', 'db03ade8-1eb1-4eb9-9424-c6bc101a73a7', '7fd21ec1', 'baik', 'selesai perbaikan', '<p class=\"font-bold\">Permasalahan</p>\n<p>Baterai sudah tidak bisa menyimpan listrik</p>\n<br>\n<p class=\"font-bold\">Perbaikan</p>\n<p>Ganti baterai merek ovo NA12-7.5A</p>', 2, NULL, '2023-11-04 12:26:15', '2023-11-05 09:32:48', '2023-11-05 09:38:58', NULL),
('34c2bc3e-22d6-4023-9164-3924b7c92a7d', 'c5b6911e-35f9-4115-9bba-238ad895d232', '01952b64-b8c3-4b5e-9925-dca0b3daf221', '367aad66-a9d5-4992-865d-a73344062404', '1feba057', 'baik', 'selesai perbaikan', '<div><strong>PERMASALAHAN<br></strong>Perangkat tidak menyimpan listrik<br><br><strong>PERBAIKAN<br></strong>Ganti baterai ups ovo</div>', 2, NULL, '2023-11-19 14:53:48', '2023-11-22 16:24:55', '2023-12-18 12:27:48', NULL),
('3b287caa-e9a4-4073-bb8b-1d9eda7bba68', '86df6be7-2d12-4655-b8f7-2ff83dc1a8ec', '2ef8e877-8acb-4a76-b783-20fe572b43e9', '9ddb47f9-0b78-47a0-980d-4281b0ef072f', 'fa2d5cd6', 'rusak berat', 'belum perbaikan', '<div>Motherboard rusak</div>', 1, NULL, '2024-06-13 10:21:47', NULL, NULL, NULL),
('3cb6f74e-eda7-4e6b-b3af-8a023d0b6e1b', 'd6689d2e-6a99-42b9-9d87-545d4515560f', 'd48162e4-1a7f-4837-9892-2f7ef433736f', 'f42ae125-fe6b-46f9-b7c0-41085d6fb927', '0d8f17bc', 'rusak ringan', 'belum perbaikan', '<div>Laptop lemot, I/O Hardisk sudah lemot</div>', 2, NULL, '2023-12-12 12:25:19', NULL, NULL, NULL),
('47b518a2-05b3-401c-a0a4-d4211dc2d646', '5ce19328-275b-4a1d-b8d5-efb585e0e2f8', 'a9573ecb-c1af-4eb3-bc54-f2f6a4c9c7b1', 'a5aa936f-8515-4497-8d26-6490a9aa7736', '0e0cfc01', 'rusak ringan', 'sedang perbaikan', '<div><strong>Permasalahan</strong><br>Printer tidak bisa menyala, ada komponen listriknya rusak</div>', 2, NULL, '2023-08-27 18:39:55', '2023-11-22 16:26:24', NULL, NULL),
('51f2b9ed-8b2c-4338-88d8-8a322b704d82', '3900c4c2-dc44-45c6-af33-a38589dd82f4', 'be05e476-af7e-44fe-88a6-f6370252a61c', '7a0ed015-6357-4fc9-beab-a2901ee23e23', 'fd49087f', 'baik', 'selesai perbaikan', '<div><strong>PERMASALAHAN<br></strong>Perangkat tidak bisa menyimpan listrik<br><br><strong>PERBAIKAN<br></strong>Ganti baterai ups merek ovo</div>', 2, NULL, '2023-11-19 15:55:21', '2023-11-22 16:24:49', '2023-12-21 15:10:41', NULL),
('53dac2d4-1a34-4146-97dd-5081936c9c20', '86df6be7-2d12-4655-b8f7-2ff83dc1a8ec', '66a5e940-f848-4a79-92d5-a55c73b14215', 'a091146a-f41c-4bf8-8a1e-efc961d5ed9f', NULL, 'rusak ringan', 'belum perbaikan', '<div>Hardisk sudah rusak</div>', 2, NULL, '2024-06-19 09:19:17', NULL, NULL, NULL),
('54eff075-9541-4c75-a8aa-8b000166faf3', '11c46139-0cf2-426a-993d-2753e13738a1', '1a4c82e1-27a4-422f-aed9-7f62e3a043f9', 'c7fb1665-1650-40e6-9bc2-37065692da68', '98b63c27', 'baik', 'selesai perbaikan', '<div><strong>PERMASALAHAN<br></strong>Perangkat tidak bisa menyimpan listrik<br><br><strong>PERBAIKAN<br></strong>Ganti baterai ups merek ovo</div>', 2, NULL, '2023-11-19 16:45:21', '2023-11-22 16:24:41', '2023-12-21 14:46:18', NULL),
('599f49ab-0829-480d-96a5-658f29024414', 'd6689d2e-6a99-42b9-9d87-545d4515560f', '67d1f0fd-2892-4172-919d-3bcde405f7c7', '86a2aff8-5970-4ee7-94ef-3ead6a26116a', NULL, 'rusak ringan', 'belum perbaikan', '<div>- Cover engsel lepas<br>- Listrik tidak masuk saat charge</div>', 2, NULL, '2024-07-07 15:18:52', NULL, NULL, NULL),
('5c32bb43-3930-4d58-96bf-b4372e8eab8e', '2448fd19-0a59-45cb-870e-64c7e0d1d86c', '3f52c076-dc8f-4db1-84af-a5f5e3e09465', '83992168-c866-49e3-93e0-55b92e66d2c9', '033329f4', 'rusak ringan', 'belum perbaikan', '<div>layar bermasalah.</div>', 2, NULL, '2024-06-06 16:24:36', NULL, NULL, '2024-07-07 09:26:22'),
('5fefb49d-e7fa-411d-a0b9-3614f952093f', 'c5b6911e-35f9-4115-9bba-238ad895d232', 'd12a2a65-d4f9-4018-8a4e-209a58b79607', '1fc7a222-6a4b-46f4-9276-fdabaa8e76c6', 'b79d0192', 'baik', 'selesai perbaikan', '<div><strong>PERMASALAHAN<br></strong>Perangkat tidak bisa menyimpan listrik<br><br><strong>PERBAIKAN<br></strong>Ganti baterai ups merek ovo</div>', 2, NULL, '2023-11-19 12:46:41', '2023-11-22 16:25:10', '2023-12-18 12:02:23', NULL),
('6c2f8a36-100f-4658-ad43-3a8a5d71698f', 'f8cb8465-d2a7-4809-92be-da528b741f64', '6992e09b-e9cc-4386-a169-9b921f1e6501', 'bc53f442-dcb1-45d0-883b-ceb984eefd83', 'c5d31db2', 'baik', 'selesai perbaikan', '<div><strong>Kerusakan : </strong><br>Hardisk tidak terdeteksi pada BIO<br><br><strong>Perbaikan : </strong><br>Hardisk kurang kencang tercolok pada konektornya</div>', 2, NULL, '2024-06-02 11:41:10', NULL, '2024-06-02 11:42:01', NULL),
('6f175a76-ddb1-41e6-934c-aec8cf00203a', 'c5b6911e-35f9-4115-9bba-238ad895d232', '5d41d732-e83b-49b1-ab18-cdf0bf7bb8f4', '7041cae4-8168-4b98-ae47-c1c3672b327d', 'f7c6434f', 'baik', 'selesai perbaikan', '<div><strong>PERMASALAHAN<br></strong>Perangkat tidak bisa menyimpan listrik<br><br><strong>PERBAIKAN<br></strong>Ganti baterai ups merek ovo</div>', 2, NULL, '2023-11-19 12:50:53', '2023-11-22 16:25:06', '2023-12-18 12:09:24', NULL),
('70631462-ecc6-4dae-bb48-dfa492d34487', 'c5b6911e-35f9-4115-9bba-238ad895d232', 'aad86904-3471-43d7-924f-b287e4faee03', 'c5d763df-df64-4251-b390-0e03a5afbecc', '6a72b158', 'baik', 'selesai perbaikan', '<p class=\"font-bold\">Permasalahan</p>\n<p>Baterai sudah tidak bisa menyimpan listrik</p>\n<br>\n<p class=\"font-bold\">Perbaikan</p>\n<p>Ganti baterai merek ovo NA12-7.5A</p>', 2, NULL, '2023-11-04 12:24:31', '2023-11-05 09:11:07', '2023-11-05 09:11:07', NULL),
('70dfff63-d577-4a9b-81f3-94dd579a0c02', 'c5b6911e-35f9-4115-9bba-238ad895d232', '594b7fef-adad-41ef-8fca-44fb7767f2f1', '03a15ded-35ce-4a34-852f-e3538fe2f26e', NULL, 'baik', 'selesai perbaikan', '<div>Baterai sudah rusak</div>', 0, NULL, '2024-07-08 12:12:32', NULL, '2024-07-08 14:57:31', NULL),
('7d8f0a3a-3391-4e96-8df4-2566023db27f', 'c5b6911e-35f9-4115-9bba-238ad895d232', '83c737f0-58fd-4048-8cfe-bc6a369de5f7', '3ad6558f-1489-45a3-a9e9-762c96db3dfc', NULL, 'baik', 'selesai perbaikan', '<div>Baterai sudah rusak</div>', 0, NULL, '2024-07-08 12:17:45', NULL, '2024-07-08 14:57:07', NULL),
('7f704201-73ec-420f-a793-697f4c0ac369', 'c5b6911e-35f9-4115-9bba-238ad895d232', 'ee6c6c22-8a4d-40c6-ac09-37b228a9fdb7', '65b0420f-7843-4cc1-b087-ee5b8d8813e1', NULL, 'baik', 'selesai perbaikan', '<div>Baterai sudah rusak</div>', 0, NULL, '2024-07-08 12:28:00', NULL, '2024-07-08 14:56:51', NULL),
('83c4a9da-9833-4749-a4aa-a527d08650e0', 'c5b6911e-35f9-4115-9bba-238ad895d232', '1131d8f1-8707-47b1-9dca-a8f278ce5c74', 'f5c268e1-3083-4984-95ea-07c69fee97ef', '3f5e7e9e', 'baik', 'selesai perbaikan', '<p class=\"font-bold\">Permasalahan</p>\n<p>Baterai sudah tidak bisa menyimpan listrik</p>\n<br>\n<p class=\"font-bold\">Perbaikan</p>\n<p>Ganti baterai merek ovo NA12-7.5A</p>', 2, NULL, '2023-11-04 12:30:29', '2023-11-05 09:06:15', '2023-11-05 09:06:28', NULL),
('85770125-867f-4301-ab6a-db055dc7587a', '56811267-f6f9-4082-9328-04d3c7ab2e60', 'f6e76cad-f630-4cb9-a246-a4df402a9f57', '1333ef6f-2eba-4449-ba19-49520d11d228', '7d3ece9d', 'rusak ringan', 'sedang perbaikan', '<div><strong>Permasalahan<br></strong>Maintenance Box sdh mendekati masa akhir pemakaian<br><br><strong>Saran Perbaikan</strong><br>Beli maintenance box baru, kisaran harga 600 ribu (maintenance box Epson L15160)</div>', 2, NULL, '2023-11-13 16:57:01', '2023-11-22 16:25:38', NULL, NULL),
('861901f7-0488-46a9-b59d-42e14e2a6d98', 'c5b6911e-35f9-4115-9bba-238ad895d232', 'ba3793e3-cb3e-4972-867e-8b621bc52bb7', '34de0a90-7434-47b0-bc3b-f9cef76e39cb', NULL, 'baik', 'selesai perbaikan', '<div>Baterai sudah rusak</div>', 0, NULL, '2024-07-08 12:13:26', NULL, '2024-07-08 14:57:18', NULL),
('87b0ec51-6733-4b89-977b-2bef7592393c', '3900c4c2-dc44-45c6-af33-a38589dd82f4', '713a096a-bbde-40e3-b8dd-fbab75129b21', '7916b00b-42a3-45ca-bd2f-8bcbb7ca0035', '045ef353', 'baik', 'selesai perbaikan', '<div><strong>PERMASALAHAN<br></strong>Perangkat tidak menyimpan listrik<br><br><strong>PERBAIKAN<br></strong>Ganti baterai ups merek ovo</div>', 2, NULL, '2023-11-23 15:29:41', NULL, '2023-12-21 15:36:34', NULL),
('8a27f26e-6afd-4113-b547-95c04d802e4c', '11c46139-0cf2-426a-993d-2753e13738a1', 'acf9e6a3-73d0-4ffe-8c86-8783f3cc1485', '7787fa96-5e71-43a4-b2d3-575af394986d', NULL, 'baik', 'selesai perbaikan', '<div>Baterai sudah rusak</div>', 0, NULL, '2024-07-07 15:40:28', NULL, '2024-07-08 11:42:11', NULL),
('8a38acb4-b4f0-4e63-951f-5bef23f0992d', 'c5b6911e-35f9-4115-9bba-238ad895d232', '05fba073-653f-49f6-9bdc-993420ef1c39', 'eb2a36d9-efc9-434f-b674-c07501ca56e9', 'c93e2648', 'baik', 'selesai perbaikan', '<div><strong>PERMASALAHAN</strong><br>Tidak bisa menyimpan listrik<br><br><strong>SOLUS</strong><br>Ganti baterai merek ovo.</div>', 2, NULL, '2023-12-18 12:30:04', NULL, '2023-12-18 12:35:50', NULL),
('90d0c35c-5959-4295-92e9-8447551bbdee', '11c46139-0cf2-426a-993d-2753e13738a1', 'b14fd70c-e789-49ed-b2f0-7573d2f63390', '724dccb6-afd9-4286-8c79-e538930d970b', '890a2fe3', 'rusak berat', 'batal perbaikan', '<div><strong>PERMASALAHAN<br></strong>Perangkat tidak menyimpan listrik, dari baterai keluar bubuk warna biru muda yang berkumpul dikabel listrik hitam, UPS sudah karatan<br><br><strong>TINDAKAN<br></strong>Dirusak beratkan<br><br><br></div>', 2, NULL, '2023-11-19 16:47:12', '2023-11-22 16:24:33', '2023-12-21 15:01:02', NULL),
('90dbb38e-62b4-44c3-9551-79c022a366dd', '3900c4c2-dc44-45c6-af33-a38589dd82f4', '09f44412-991a-4146-9cc9-ed8874a5a6ea', 'b4e9ae34-abfa-47c0-9806-f6b5d73201b6', 'd3312c39', 'baik', 'selesai perbaikan', '<div><strong>Permasalahan</strong></div><div>Tidak menyimpan daya listrik<br><br><strong>Saran Perbaikan</strong><br>Ganti baterai baru merek ovo</div>', 2, NULL, '2023-11-06 11:28:32', '2023-11-22 16:25:49', '2023-12-21 10:41:23', NULL),
('91cd9c45-02ce-44fb-a4a6-7d32757d2ef2', 'c5b6911e-35f9-4115-9bba-238ad895d232', '52652955-a5d3-47c0-9583-ec9504a3afbf', 'c3b70e77-31af-486b-8a42-24b5f17dbc43', '3e4c739e', 'baik', 'selesai perbaikan', '<div><strong>Permasalahan</strong></div><div>Tidak bisa menyimpan listrik<br><br><strong>Saran Perbaikan</strong><br>Ganti baterai baru merek ovo</div>', 2, NULL, '2023-11-04 12:25:03', '2023-11-22 16:26:18', '2023-12-21 15:21:45', NULL),
('9308d17e-03e7-4f64-83cf-5f6dc048cb08', 'f4410d0f-32d3-4cf1-901c-cf44d879708d', '449066a5-90c8-45a9-bb6d-26e71e12e5ea', '955fe370-5aa8-4e63-bfa2-8aab9f40d235', '38b52a51', 'rusak ringan', 'sedang perbaikan', '<p class=\"font-bold\">Permasalahan</p>\n<p>PC tidak menyala, kemungkinan power supply mati</p>', 2, NULL, '2023-11-06 10:54:53', '2023-11-22 16:26:06', NULL, NULL),
('950c22f8-ec51-4cf0-a4d1-921b421ea29f', '62599538-13ba-4d9d-a24d-e4e007c09106', '82a9e592-7770-4827-a716-86e2cd5d4fa2', '104990e6-c873-4781-98e1-11b72c72cf98', '140c2b3d', 'rusak berat', 'batal perbaikan', '<div>Air masuk didalam perangkat, menyebabkan perangkat tidak bisa lagi menyala</div>', 2, NULL, '2023-07-09 22:36:00', NULL, '2023-07-12 22:37:00', NULL),
('9802ec9b-ab54-4d2a-8912-9f9eab276dc1', '86df6be7-2d12-4655-b8f7-2ff83dc1a8ec', '66a5e940-f848-4a79-92d5-a55c73b14215', 'a091146a-f41c-4bf8-8a1e-efc961d5ed9f', NULL, 'rusak ringan', 'belum perbaikan', '<div>Hardisk sudah rusak</div>', 2, NULL, '2024-07-07 09:21:33', NULL, NULL, '2024-07-07 09:22:05'),
('a09d74a8-af44-42ec-9a57-4801fd31071d', '86df6be7-2d12-4655-b8f7-2ff83dc1a8ec', 'ae20bc78-66cd-4d51-bace-07f446e73ddc', '2c6e38e7-fe90-4830-a3d8-88f59d86a9a3', NULL, 'rusak ringan', 'belum perbaikan', '<div>Hardisk sudah rusak</div>', 2, NULL, '2024-06-19 09:23:11', NULL, NULL, NULL),
('a477edd7-62c9-4b9d-b4b5-98cb9f03c65c', 'f8cb8465-d2a7-4809-92be-da528b741f64', '20aa87ae-8d17-46a0-aa69-eb905975cf26', 'f0707c65-798c-458a-a5a2-2428791939af', NULL, 'rusak ringan', 'belum perbaikan', '<div>Hardisk tidak terdeteksi</div>', 2, NULL, '2024-06-18 09:25:08', NULL, NULL, NULL),
('a868556f-4a5a-43cd-975e-0769b2a3578b', '3900c4c2-dc44-45c6-af33-a38589dd82f4', '1f5d8e52-55e2-4fd1-8f4b-7b97456fe346', 'e9f5f574-0d4c-4236-84d3-bb00a20e977f', '5b6f28f2', 'baik', 'selesai perbaikan', '<div><strong>PERMASALAHAN<br></strong>Perangkat tidak menyimpan listrik<br><br><strong>PERBAIKAN<br></strong>Ganti baterai ups merek ovo</div>', 2, NULL, '2023-11-19 14:47:45', '2023-11-22 16:25:00', '2023-12-21 10:49:19', NULL),
('ac2bb328-ba54-4d4e-80f5-75498683ee85', 'c5b6911e-35f9-4115-9bba-238ad895d232', '6d85ab9f-d033-49d6-8c64-474af1e4cb8a', '9bff7293-ccdc-40e1-86ec-c687df652ea6', '624eacfc', 'baik', 'selesai perbaikan', '<p class=\"font-bold\">Permasalahan</p>\n<p>Baterai sudah tidak bisa menyimpan listrik</p>\n<br>\n<p class=\"font-bold\">Perbaikan</p>\n<p>Ganti baterai merek sanupro NP7-12</p>', 2, NULL, '2023-11-04 12:27:37', '2023-11-05 09:18:14', '2023-11-05 09:24:03', NULL),
('b1404a07-f7ad-477b-ba3e-d5d68dad6789', 'd6689d2e-6a99-42b9-9d87-545d4515560f', '4f6c3159-6d27-4c4c-9e99-b49f6ba62d90', '15652c65-22f4-4ddb-9997-b06f7f4fcac6', '701f3851', 'rusak ringan', 'belum perbaikan', '<div>Laptop lemot, hardisk I/O lemot</div>', 2, NULL, '2023-12-12 12:18:01', NULL, NULL, NULL),
('b21d4781-7f9a-4cec-bbc9-4442890fee3a', '8247aeff-afc6-428b-99b2-f3b32d341858', '32c62b88-ec04-4693-bab3-d6a0246fdad3', '23e36067-3389-4389-852b-0dfd1ad4a2ed', '7a16abfa', 'rusak ringan', 'sedang perbaikan', '<div><strong>Permasalahan</strong></div><div>Tidak menyimpan listrik<br><strong><br>Saran Perbaikan</strong><br>Ganti baterai baru</div>', 2, NULL, '2023-11-05 11:10:35', '2023-11-22 16:26:03', NULL, NULL),
('b2d25618-5166-40ff-8352-41deb47e4b80', 'c5b6911e-35f9-4115-9bba-238ad895d232', 'bdb9bf55-b069-4972-a991-7c0f460fd173', '14995f90-bb2c-44ca-b5af-fd1a8418c460', '86eaeb77', 'baik', 'selesai perbaikan', '<p class=\"font-bold\">Permasalahan</p>\n<p>Baterai tidak menyimpan listrik</p>\n<br>\n<p class=\"font-bold\">Perbaikan</p>\n<p>Ganti baterai merk ICAL IP-1272</p>', 2, NULL, '2023-11-12 11:50:03', '2023-11-12 11:50:11', '2023-11-12 11:50:18', NULL),
('c064fe7e-7dc5-458e-bc43-eb11e3dff916', 'c5b6911e-35f9-4115-9bba-238ad895d232', '65568354-d726-47b6-95d7-b6c9ac122b03', 'a9d7f168-7cbb-4039-b7dc-8368ccd41278', 'b568b2f0', 'baik', 'selesai perbaikan', '<p class=\"font-bold\">Permasalahan</p>\n<p>Baterai sudah tidak bisa menyimpan listrik</p>\n<br>\n<p class=\"font-bold\">Perbaikan</p>\n<p>Ganti baterai merek ovo NA12-7.5A</p>', 2, NULL, '2023-11-04 12:23:34', '2023-11-05 09:29:12', '2023-11-05 09:29:24', NULL),
('c2749ed3-e81e-4ce1-9069-ef2e8f67974d', '1da80678-f130-46c8-bff1-841c6def4900', 'f73f7068-392b-415d-a78c-8528f2218b37', '99ea7573-87de-45e2-986e-ca0298447348', '6b06e5bd', 'rusak ringan', 'sedang perbaikan', '<p class=\"font-bold\">Permasalahan</p>\n<ul style=\"list-style-type:disc\">\n<li>Hardisk bunyi saat dipakai</li>\n<li>Engsel antara layar dan body laptop lepas</li>\n</ul>', 2, NULL, '2023-11-04 13:03:07', '2023-11-22 16:26:14', NULL, NULL),
('c3201343-c5c9-4586-a790-fc6c9054099e', 'f4410d0f-32d3-4cf1-901c-cf44d879708d', '4fc07158-b68c-4216-a864-c8a931c3f39e', 'd3417453-3e8b-4a91-a1c5-a0456efe8f5d', '10a9f761', 'rusak berat', 'batal perbaikan', '<div><strong>Permasalahan<br>- </strong>Motherboard rusak<br>- Processor rusa<br><br></div>', 2, NULL, '2023-11-16 08:48:23', NULL, '2023-11-18 21:10:05', NULL),
('c329d5d4-278e-48f4-8403-5e9b0ec2d263', '11c46139-0cf2-426a-993d-2753e13738a1', '7a40c195-8bb6-45b8-b6d4-503aa80cc6ea', '722fe8ed-e680-4b01-87d7-abd1085ba4f2', NULL, 'baik', 'selesai perbaikan', '<div>Baterai sudah rusak</div>', 0, NULL, '2024-07-07 15:51:08', NULL, '2024-07-08 12:01:25', NULL),
('c675a2ea-d038-4fd5-8ceb-0803c7dba195', '11c46139-0cf2-426a-993d-2753e13738a1', 'cf3a17fe-648e-453d-b952-372c7acb735f', 'a56db17e-276a-4875-a6de-32be4a3f5a88', NULL, 'rusak berat', 'batal perbaikan', '<div>- Baterai sudah rusak<br>- Konektor baterai sudah karat/patah</div>', 0, NULL, '2024-07-07 15:57:37', NULL, '2024-07-08 12:01:01', NULL),
('cefc1ef9-a75d-411e-b04d-71959ccffe58', 'c5b6911e-35f9-4115-9bba-238ad895d232', 'e51b637e-5cb9-4d4f-bde5-b86f79923fda', 'e983bc29-8e14-4860-9de1-05a84ec53668', '53b8e04d', 'baik', 'selesai perbaikan', '<p class=\"font-bold\">Permasalahan</p>\n<p>Baterai sudah tidak bisa menyimpan listrik</p>\n<br>\n<p class=\"font-bold\">Perbaikan</p>\n<p>Ganti baterai merek ovo NA12-7.5A</p>', 2, NULL, '2023-11-05 09:45:15', '2023-11-05 09:45:23', '2023-11-05 09:50:17', NULL),
('d287b944-b387-4b69-8299-e812f965b99d', '62599538-13ba-4d9d-a24d-e4e007c09106', 'd0da1816-e159-4217-bb0a-59e4430401a0', '438412a3-58ce-4de1-9f74-db6ab54ab9dc', '2528e929', 'baik', 'selesai perbaikan', '<div>Penggantian dengan unit baterai baru</div>', 2, NULL, '2023-06-09 18:34:39', '2023-08-09 18:36:21', '2023-08-09 18:36:21', NULL),
('d608d375-599c-4d37-aa71-95e7b5e5b5bb', 'c5b6911e-35f9-4115-9bba-238ad895d232', 'c4417d7f-2e77-45ac-8bd4-0276d9bbe6b1', '3435c57a-940c-44d0-a95f-8174a98bcdae', '9f75e7d4', 'baik', 'selesai perbaikan', '<p class=\"font-bold\">Permasalahan</p>\n<p>Baterai sudah tidak bisa menyimpan listrik</p>\n<br>\n<p class=\"font-bold\">Perbaikan</p>\n<p>Ganti baterai merek ovo NA12-7.5A</p>', 2, NULL, '2023-11-04 12:46:37', '2023-11-05 09:39:19', '2023-11-05 09:44:04', NULL),
('de295acc-1642-498a-9274-88c07a839e5b', '11c46139-0cf2-426a-993d-2753e13738a1', '09beb649-5923-442d-8162-4045091f5893', '260ef72c-391e-4e36-a3a5-53ff18eeef73', '962efc9f', 'baik', 'selesai perbaikan', '<div><strong>PERMASALAHAN<br></strong>Tidak bisa menyimpan listrik<br><br><strong>PERBAIKAN<br></strong>Ganti baterai ups merek ovo</div>', 2, NULL, '2023-11-19 12:01:48', '2023-11-22 16:25:18', '2023-12-21 15:26:08', NULL),
('e58ab81e-252c-43c2-96a0-d5e337f0ec87', 'c5b6911e-35f9-4115-9bba-238ad895d232', '54c3623d-f028-45ba-baff-b7d419790d88', '45dd0d23-6634-4940-93fc-0e264cb1e492', 'c331d075', 'baik', 'selesai perbaikan', '<div><strong>PERMASALAHAN<br></strong>Perangkat tidak bisa menyimpan listrik<br><br><strong>SARAN<br></strong>Ganti baterai ups merek ovo</div>', 2, NULL, '2023-11-19 12:36:05', '2023-11-22 16:25:15', '2023-12-18 11:56:37', NULL),
('e669c031-653f-492c-b4ad-4771db9568c8', '11c46139-0cf2-426a-993d-2753e13738a1', 'bcd0dba6-b5ce-4ef4-b1ad-ee07315c84b5', '142a8939-9d01-47cc-aba0-1814975995bd', NULL, 'rusak berat', 'batal perbaikan', '<div>- Baterai sudah rusak,<br>- Konektor baterai sudah karat dan patah</div>', 0, NULL, '2024-07-07 16:00:11', NULL, '2024-07-08 12:00:07', NULL),
('f85fa72c-08a7-4c95-9c8a-0147f44d6de6', '3900c4c2-dc44-45c6-af33-a38589dd82f4', '37ecad8f-784d-4e15-8f2f-d036ec85c354', '96b3ee72-a3e7-44b4-a41d-684105b338a6', '4048e002', 'baik', 'selesai perbaikan', '<div><strong>Permasalahan</strong></div><div>Tidak menyimpan daya listrik<br><br><strong>PERBAIKAN</strong><br>Ganti baterai baru merek ovo</div>', 2, NULL, '2023-11-06 11:25:58', '2023-11-22 16:25:53', '2023-12-21 14:55:21', NULL),
('f9b326a4-5eee-4053-89b9-fc0db702acdc', 'f8cb8465-d2a7-4809-92be-da528b741f64', 'dcb6dd4c-aaea-4257-a194-983ef05b4557', '0ba99ac5-171f-4272-b219-ca524f3301e7', '3a420b42-a8ae-4f81-b7e1-2813888d0841', 'baik', 'selesai perbaikan', '<div><strong>Permasalahan<br></strong>- SSD rusak<br>- Audio jack rusak<br><br><strong>Saran Perbaikan<br></strong>- Ganti SSD ukuran 256 GB (selesai ditindaklanjuti)<br>- Service audio jack (tidak ditindaklanjuti karena sudah rusak<br>- Pasang baru sistem operasi windows (selesai ditindaklanjuti).<br><br></div>', 1, NULL, '2023-11-16 12:07:35', '2023-11-19 16:51:23', '2023-12-12 15:45:57', NULL);

-- --------------------------------------------------------

--
-- Table structure for table `device_master`
--

CREATE TABLE `device_master` (
  `id` char(36) CHARACTER SET utf8mb4 COLLATE utf8mb4_unicode_ci NOT NULL,
  `name` varchar(255) CHARACTER SET utf8mb4 COLLATE utf8mb4_unicode_ci NOT NULL,
  `brand` varchar(255) CHARACTER SET utf8mb4 COLLATE utf8mb4_unicode_ci NOT NULL,
  `type` varchar(255) CHARACTER SET utf8mb4 COLLATE utf8mb4_unicode_ci NOT NULL,
  `image` varchar(255) CHARACTER SET utf8mb4 COLLATE utf8mb4_unicode_ci DEFAULT NULL,
  `procurement_type` enum('Pusat','Daerah') CHARACTER SET utf8mb4 COLLATE utf8mb4_unicode_ci NOT NULL,
  `procurement_period` timestamp NULL DEFAULT NULL,
  `created_at` timestamp NULL DEFAULT NULL,
  `updated_at` timestamp NULL DEFAULT NULL,
  `deleted_at` timestamp NULL DEFAULT NULL
) ENGINE=InnoDB DEFAULT CHARSET=utf8mb4 COLLATE=utf8mb4_general_ci;

--
-- Dumping data for table `device_master`
--

INSERT INTO `device_master` (`id`, `name`, `brand`, `type`, `image`, `procurement_type`, `procurement_period`, `created_at`, `updated_at`, `deleted_at`) VALUES
('097b8b23-0c96-412d-a7b6-a159ec691985', 'Z4 G4', 'HP', 'PC', 'hp-z4-g4-workstation.png', 'Pusat', NULL, '2024-07-01 00:46:42', '2024-07-01 00:46:42', NULL),
('0e1a75f9-9e82-476f-8e43-f98c2eada415', 'Document Scanner fi-5950', 'Fujitsu', 'Scanner', 'fujitsu-5950.png', 'Pusat', NULL, '2024-07-01 00:46:42', '2024-07-01 00:46:42', NULL),
('11c46139-0cf2-426a-993d-2753e13738a1', 'Vesta 625L', 'Vektor Ablerex', 'UPS', 'vesta-625l.png', 'Pusat', NULL, '2024-07-01 00:46:42', '2024-07-01 00:46:42', NULL),
('1da80678-f130-46c8-bff1-841c6def4900', '14s-cf0013TX', 'HP', 'Laptop', '14s-cf0013tx.png', 'Pusat', NULL, '2024-07-01 00:46:42', '2024-07-01 00:46:42', NULL),
('2448fd19-0a59-45cb-870e-64c7e0d1d86c', 'GF639SCSR - 882ID', 'MSI', 'Laptop', 'msi-gf639scsr.png', 'Pusat', NULL, '2024-07-01 00:46:42', '2024-07-01 00:46:42', NULL),
('3900c4c2-dc44-45c6-af33-a38589dd82f4', 'PSA600-SOHO', 'Emerson', 'UPS', 'emerson_psa600-soho.png', 'Pusat', NULL, '2024-07-01 00:46:42', '2024-07-01 00:46:42', NULL),
('3aa1d343-0f95-4dc7-b6aa-b9d2d3bcc62e', 'All In One 22-c0033d', 'HP', 'PC', 'hp-aio-22-c003d.png', 'Pusat', NULL, '2024-07-01 00:46:42', '2024-07-01 00:46:42', NULL),
('46658dc0-ba3d-4f38-8f1b-950987050b01', 'Networking X1018', 'Dell', 'Switch', 'dell-x1018.png', 'Pusat', NULL, '2024-07-01 00:46:42', '2024-07-01 00:46:42', NULL),
('49768f1c-b651-4d9d-a3ba-b1ca62dd5acb', 'TS-x73', 'QNAP', 'NAS', 'qnap-ts-x73.png', 'Pusat', NULL, '2024-07-01 00:46:42', '2024-07-01 00:46:42', NULL),
('4c89cfb6-3c92-442a-9ab1-49f12d0ace1e', 'Slimline 290-p0032d', 'HP', 'PC', 'hp-slimline-290.png', 'Pusat', NULL, '2024-07-01 00:46:42', '2024-07-01 00:46:42', NULL),
('56811267-f6f9-4082-9328-04d3c7ab2e60', 'Epson L15160', 'Epson', 'Printer', 'noimage.jpg', 'Pusat', NULL, '2024-07-01 00:46:42', '2024-07-01 00:46:42', NULL),
('5ce19328-275b-4a1d-b8d5-efb585e0e2f8', 'L6160', 'Epson', 'Printer', 'epson-l6160.png', 'Pusat', NULL, '2024-07-01 00:46:42', '2024-07-01 00:46:42', NULL),
('5f8f7eaf-ddf0-4bdb-b5c6-d764de223839', 'Ideacentre 510-151KL-K1ID', 'Lenovo', 'PC', 'lenovo-ideacentre-510.png', 'Pusat', NULL, '2024-07-01 00:46:42', '2024-07-01 00:46:42', NULL),
('62599538-13ba-4d9d-a24d-e4e007c09106', 'Dynabook Tecra', 'Toshiba', 'Laptop', 'dynabook-tecra.png', 'Pusat', NULL, '2024-07-01 00:46:42', '2024-07-01 00:46:42', NULL),
('692f0ac6-bac0-4bcf-b35b-6870489efa5a', 'X455LF', 'Asus', 'Laptop', 'asus_456urk.png', 'Pusat', NULL, '2024-07-01 00:46:42', '2024-07-01 00:46:42', NULL),
('69bad80a-c2e2-4955-b35f-d5ba87673bc7', 'L5190', 'Epson', 'Printer', 'epson_l5190.png', 'Pusat', NULL, '2024-07-01 00:46:42', '2024-07-01 00:46:42', NULL),
('6d00e192-1e98-4ad1-84c4-dba21d2e41c9', 'ROGSTRIX G15 G512LI', 'Asus', 'Laptop', 'rogstrix-g15.png', 'Pusat', NULL, '2024-07-01 00:46:42', '2024-07-01 00:46:42', NULL),
('7000f946-c256-4fec-bb87-9c2a1d639b3c', 'Networking X1018', 'Dell', 'UPS', 'dell-x1018.png', 'Pusat', NULL, '2024-07-01 00:46:42', '2024-07-01 00:46:42', NULL),
('735da605-b15d-4c5b-86f9-840e205ef6db', '456URK', 'Asus', 'Laptop', 'asus_456urk.png', 'Pusat', NULL, '2024-07-01 00:46:42', '2024-07-01 00:46:42', NULL),
('76458f73-5a28-4c82-a9d6-4186df38e8f7', 'OFFICEJET PRO 400', 'HP', 'Printer', 'officejet-pro-400-mfp.png', 'Pusat', NULL, '2024-07-01 00:46:42', '2024-07-01 00:46:42', NULL),
('76ee4fd3-87a5-475b-871a-e3ac2a42a988', 'WORKFORCE PRO WF C579R DUPLEX', 'Epson', 'Printer', 'WF-C579R.png', 'Pusat', NULL, '2024-07-01 00:46:42', '2024-07-01 00:46:42', NULL),
('7f4eb3e5-5ac7-4f7c-b77f-67659ee3ee39', 'K413FA-EK302T', 'Asus', 'Laptop', 'vivobook-x413.png', 'Pusat', NULL, '2024-07-01 00:46:42', '2024-07-01 00:46:42', NULL),
('8247aeff-afc6-428b-99b2-f3b32d341858', 'Keor SPX 1000 VA', 'Legrand', 'UPS', 'Legrand-Keor-SPX-1000.png', 'Pusat', NULL, '2024-07-01 00:46:42', '2024-07-01 00:46:42', NULL),
('8415a454-2947-4339-a4e1-98abf456c63b', 'Galaxy Tab S4', 'Samsung', 'Tablet', 'noimage.jpg', 'Pusat', NULL, '2024-07-01 00:46:42', '2024-07-01 00:46:42', NULL),
('86df6be7-2d12-4655-b8f7-2ff83dc1a8ec', 'Optiplex 3010 DT', 'Dell', 'PC', 'noimage.jpg', 'Pusat', NULL, '2024-07-01 00:46:42', '2024-07-01 00:46:42', NULL),
('885b41b3-b514-4a13-b237-466338cbf3c0', 'Scan Snap SV600', 'Fujitsu', 'Scanner', 'fujitsu-scan-snap600.png', 'Pusat', NULL, '2024-07-01 00:46:42', '2024-07-01 00:46:42', NULL),
('8a046782-d23b-4699-98d6-b35ee8fb5414', 'L120', 'Epson', 'Printer', 'epson-l120.png', 'Pusat', NULL, '2024-07-01 00:46:42', '2024-07-01 00:46:42', NULL),
('8d40d3ba-945d-4b61-aa0d-dec159c6e4d7', 'All In One 520-241 Touchscreen', 'Lenovo', 'PC', 'lenovo-aio-520.png', 'Pusat', NULL, '2024-07-01 00:46:42', '2024-07-01 00:46:42', NULL),
('93fff112-b945-44f8-8880-d787b57ee177', 'Aruba 2530 8G', 'HP', 'Switch', 'aruba-2530-8g.png', 'Pusat', NULL, '2024-07-01 00:46:42', '2024-07-01 00:46:42', NULL),
('9f5c3775-fe96-4abb-b831-59e7a45f0586', 'ThinkCentre M710t', 'Lenovo', 'PC', 'lenovo-m720t.png', 'Pusat', NULL, '2024-07-01 00:46:42', '2024-07-01 00:46:42', NULL),
('a2a4b511-9589-47bb-8d3a-b7877e889278', 'Aruba 2530 24G', 'HP', 'Switch', 'aruba-2530-24g.png', 'Pusat', NULL, '2024-07-01 00:46:42', '2024-07-01 00:46:42', NULL),
('aa3c2982-e5d3-4d8e-9c73-23f545ad55c9', 'Surface Pro 7', 'Microsoft', 'Tablet', 'noimage.jpg', 'Pusat', NULL, '2024-07-01 00:46:42', '2024-07-01 00:46:42', NULL),
('ac82f2ee-66bf-4ce2-aa18-d9b92212a3e0', 'ThinkCentre M720t', 'Lenovo', 'PC', 'lenovo-m720t.png', 'Pusat', NULL, '2024-07-01 00:46:42', '2024-07-01 00:46:42', NULL),
('acf9a172-19cd-4651-8b50-17e57d0f25d9', 'Business Notebook 348', 'HP', 'Laptop', 'hp-business-348.png', 'Pusat', NULL, '2024-07-01 00:46:42', '2024-07-01 00:46:42', NULL),
('b0375f28-a4c2-47db-9a3f-f77da19988b5', 'L3110 Ecotenk', 'Epson', 'Printer', 'epson-l3110.png', 'Pusat', NULL, '2024-07-01 00:46:42', '2024-07-01 00:46:42', NULL),
('b9b47393-09e3-429e-9a6f-bb52201f7891', 'OFFICEJET PRO M201BW', 'HP', 'Printer', 'officejet-m201bw.png', 'Pusat', NULL, '2024-07-01 00:46:42', '2024-07-01 00:46:42', NULL),
('c5b6911e-35f9-4115-9bba-238ad895d232', 'BX650LI MS', 'APC', 'UPS', 'APC-BX650LI-MS.png', 'Pusat', NULL, '2024-07-01 00:46:42', '2024-07-01 00:46:42', NULL),
('d6689d2e-6a99-42b9-9d87-545d4515560f', 'ProBook G5', 'HP', 'Laptop', 'probook-g5.png', 'Pusat', NULL, '2024-07-01 00:46:42', '2024-07-01 00:46:42', NULL),
('e35aa4c1-95b8-458a-891d-a19ab5f21617', 'PowerConnect 2800 Series (2824)', 'Dell', 'Switch', 'Dell-2824.png', 'Pusat', NULL, '2024-07-01 00:46:42', '2024-07-01 00:46:42', NULL),
('ec6e4b39-f423-4c9e-9977-7847e90509c7', 'Optiplex 3020 Micro', 'Dell', 'PC', 'noimage.jpg', 'Pusat', NULL, '2024-07-01 00:46:42', '2024-07-01 00:46:42', NULL),
('ef021d92-8413-46f8-bb7d-566bd81ce12c', 'OFFICEJET 7720 AIO WIF', 'HP', 'Printer', 'officejet-7720-aio.png', 'Pusat', NULL, '2024-07-01 00:46:42', '2024-07-01 00:46:42', NULL),
('ef13bf0f-aee8-4323-9f6c-20f5b1cadd45', 'Image Scanner fi-7260', 'Fujitsu', 'Scanner', 'fujitsu-fi7260.png', 'Pusat', NULL, '2024-07-01 00:46:42', '2024-07-01 00:46:42', NULL),
('f3c56960-d711-440f-b109-38b20d4a7de1', 'Color Laserjet MPP E77822dn', 'HP', 'Printer', 'HP-CL-MFP-M77822.png', 'Pusat', NULL, '2024-07-01 00:46:42', '2024-07-01 00:46:42', NULL),
('f4410d0f-32d3-4cf1-901c-cf44d879708d', 'ProDesk 400 G5 SFF', 'HP', 'PC', 'prodesk-400-g5-sff.png', 'Pusat', NULL, '2024-07-01 00:46:42', '2024-07-01 00:46:42', NULL),
('f8cb8465-d2a7-4809-92be-da528b741f64', 'IP 320-14ISK', 'Lenovo', 'Laptop', 'ideapad-320-14ISK.png', 'Pusat', NULL, '2024-07-01 00:46:42', '2024-07-01 00:46:42', NULL),
('fb05f47a-ec01-4565-bbab-be5aab840dba', 'DCP L2540DW', 'Brother', 'Printer', 'dcp-l2540dw.png', 'Pusat', NULL, '2024-07-01 00:46:42', '2024-07-01 00:46:42', NULL);

-- --------------------------------------------------------

--
-- Table structure for table `device_state`
--

CREATE TABLE `device_state` (
  `id` char(36) CHARACTER SET utf8mb4 COLLATE utf8mb4_unicode_ci NOT NULL,
  `device_master_id` char(36) CHARACTER SET utf8mb4 COLLATE utf8mb4_unicode_ci NOT NULL,
  `user_id` char(36) CHARACTER SET utf8mb4 COLLATE utf8mb4_unicode_ci NOT NULL,
  `device_id` char(36) CHARACTER SET utf8mb4 COLLATE utf8mb4_unicode_ci NOT NULL,
  `receipt_at` timestamp NULL DEFAULT NULL,
  `bast_no` varchar(191) CHARACTER SET utf8mb4 COLLATE utf8mb4_unicode_ci DEFAULT NULL,
  `bast_file` varchar(191) CHARACTER SET utf8mb4 COLLATE utf8mb4_unicode_ci DEFAULT NULL,
  `deleted_at` timestamp NULL DEFAULT NULL
) ENGINE=InnoDB DEFAULT CHARSET=utf8mb4 COLLATE=utf8mb4_unicode_ci;

--
-- Dumping data for table `device_state`
--

INSERT INTO `device_state` (`id`, `device_master_id`, `user_id`, `device_id`, `receipt_at`, `bast_no`, `bast_file`, `deleted_at`) VALUES
('001d5698-0cde-4c36-8623-0ceb1f357ec5', 'ac82f2ee-66bf-4ce2-aa18-d9b92212a3e0', '5ad73c1a-ac6b-4bdb-ae8e-2eb14af36e7a', '40dfb305-06b6-49a7-a710-0b8f07005764', NULL, NULL, NULL, NULL),
('010d4461-a0d2-480d-a7c4-3b923672b7a0', '692f0ac6-bac0-4bcf-b35b-6870489efa5a', '1b4e7c03-7336-4b9c-9bd7-d13d1c8de4f0', '0fb3d673-7cb4-4d36-85a2-b21cd10a914e', NULL, NULL, NULL, NULL),
('0160a0a7-74c5-48db-a736-89be787df371', '62599538-13ba-4d9d-a24d-e4e007c09106', 'f0f7a0e1-e27f-4210-adfb-2e21f8d78f5a', 'c008048f-5eb8-4693-8608-dcee81c595d7', NULL, NULL, NULL, NULL),
('01f1fab2-cbb1-4279-800b-584034be2386', '62599538-13ba-4d9d-a24d-e4e007c09106', '61c2eded-8838-4741-9bc6-c3fe1dcc13ad', 'df994137-4c4a-46b9-8d21-1633e596759d', NULL, NULL, NULL, NULL),
('02be3ea4-f7ec-4e57-a622-20a725247859', 'f8cb8465-d2a7-4809-92be-da528b741f64', '962e2878-437f-48bb-9330-6b40a3da75b5', '31ccb836-55ba-4f6d-8c35-79c081894403', NULL, NULL, NULL, NULL),
('03a15ded-35ce-4a34-852f-e3538fe2f26e', 'c5b6911e-35f9-4115-9bba-238ad895d232', '5ad73c1a-ac6b-4bdb-ae8e-2eb14af36e7a', '594b7fef-adad-41ef-8fca-44fb7767f2f1', NULL, NULL, NULL, NULL),
('03db464a-4fb8-4ae7-b41b-e690cde57d53', '86df6be7-2d12-4655-b8f7-2ff83dc1a8ec', '5ad73c1a-ac6b-4bdb-ae8e-2eb14af36e7a', '228b1b35-38f2-45a5-b488-89e0ec8a44c5', NULL, NULL, NULL, NULL),
('041f7404-38b8-484f-baea-5d32e23221b8', 'a2a4b511-9589-47bb-8d3a-b7877e889278', '5ad73c1a-ac6b-4bdb-ae8e-2eb14af36e7a', '7778b095-fb3b-4aa5-b01f-1f751ad9603c', NULL, NULL, NULL, NULL),
('052e7385-6bc1-43ad-b67e-40e5a3bf8610', '4c89cfb6-3c92-442a-9ab1-49f12d0ace1e', 'd2569596-43f4-4c7d-9d74-500ac8a68a55', 'ea591459-64d3-4f5a-9272-61216cad42c2', NULL, NULL, NULL, NULL),
('05f8363d-fa95-49ba-a8b0-bfaaac04ddbd', '69bad80a-c2e2-4955-b35f-d5ba87673bc7', 'd1df9c0f-46a7-420c-b126-ad4f1d7c871e', '7bfb618f-f700-463e-87d0-aa260539a13e', NULL, NULL, NULL, NULL),
('06c4a6de-22a5-464f-b96e-d6e9d6ec34f8', 'ac82f2ee-66bf-4ce2-aa18-d9b92212a3e0', '5ad73c1a-ac6b-4bdb-ae8e-2eb14af36e7a', '7100fe38-d477-47e0-b291-b4ba9bea72c4', NULL, NULL, NULL, NULL),
('097f28a7-e436-4530-8d86-219ad29edddf', 'ec6e4b39-f423-4c9e-9977-7847e90509c7', '5ad73c1a-ac6b-4bdb-ae8e-2eb14af36e7a', '2686599c-d066-4637-843e-76c1356fc3db', NULL, NULL, NULL, NULL),
('09972ede-2d05-406b-baca-51385cb9315a', '3900c4c2-dc44-45c6-af33-a38589dd82f4', '84fe2261-cb51-4c9a-a16a-6bd3b618860c', 'fc6e0f10-fb58-4020-89d5-7fdf57a50db5', NULL, NULL, NULL, NULL),
('099dac02-b2ba-47df-a65b-dd1a14dbb54b', 'ac82f2ee-66bf-4ce2-aa18-d9b92212a3e0', 'cb9a51d1-5c5f-4403-a473-264fead18228', '2e0d36dc-d26d-43ed-bd34-8d82970016c0', NULL, NULL, NULL, NULL),
('0ba99ac5-171f-4272-b219-ca524f3301e7', 'f8cb8465-d2a7-4809-92be-da528b741f64', 'd2569596-43f4-4c7d-9d74-500ac8a68a55', 'dcb6dd4c-aaea-4257-a194-983ef05b4557', NULL, NULL, NULL, NULL),
('104990e6-c873-4781-98e1-11b72c72cf98', '62599538-13ba-4d9d-a24d-e4e007c09106', 'd4042fe1-af45-40b0-b874-7696892088fe', '82a9e592-7770-4827-a716-86e2cd5d4fa2', NULL, NULL, NULL, NULL),
('1333ef6f-2eba-4449-ba19-49520d11d228', '56811267-f6f9-4082-9328-04d3c7ab2e60', '4a9a6b8a-a3ec-44c9-8b22-090f3a6e1925', 'f6e76cad-f630-4cb9-a246-a4df402a9f57', NULL, NULL, NULL, NULL),
('142a8939-9d01-47cc-aba0-1814975995bd', '11c46139-0cf2-426a-993d-2753e13738a1', '9f5be486-5d89-416f-b490-718e0284b1de', 'bcd0dba6-b5ce-4ef4-b1ad-ee07315c84b5', NULL, NULL, NULL, NULL),
('14995f90-bb2c-44ca-b5af-fd1a8418c460', 'c5b6911e-35f9-4115-9bba-238ad895d232', '5ad73c1a-ac6b-4bdb-ae8e-2eb14af36e7a', 'bdb9bf55-b069-4972-a991-7c0f460fd173', NULL, NULL, NULL, NULL),
('15652c65-22f4-4ddb-9997-b06f7f4fcac6', 'd6689d2e-6a99-42b9-9d87-545d4515560f', '9f5be486-5d89-416f-b490-718e0284b1de', '4f6c3159-6d27-4c4c-9e99-b49f6ba62d90', NULL, NULL, NULL, NULL),
('174ca79c-ab53-40de-9431-b95d4f4cea14', 'ac82f2ee-66bf-4ce2-aa18-d9b92212a3e0', '5ad73c1a-ac6b-4bdb-ae8e-2eb14af36e7a', 'c49237f1-af25-47f6-a721-28eb2d407f38', NULL, NULL, NULL, NULL),
('178c61da-9688-40f0-abd6-b8968bbe2aff', '7f4eb3e5-5ac7-4f7c-b77f-67659ee3ee39', 'db364b64-58f7-4efe-b23c-ebebc1b000b4', '8417c6bb-970d-493a-ba73-3fd241a74a39', NULL, NULL, NULL, NULL),
('19f05e2b-f29d-4f16-a999-0b1ccc405cf7', '097b8b23-0c96-412d-a7b6-a159ec691985', '7f8e2b5f-bc6c-4eb2-bc4a-edd02c825912', 'ae51ae35-46e4-47ae-8107-a706b7c90918', NULL, NULL, NULL, NULL),
('1cc3c2d7-d814-4167-9865-969172e299de', 'b0375f28-a4c2-47db-9a3f-f77da19988b5', '409f8585-b7ca-438d-995d-0c63f1e2c236', '868d3b15-e16c-4d9c-8156-551e1bedd2b1', NULL, NULL, NULL, NULL),
('1f03bea7-cb6b-4df7-becf-4a4a415d9eba', 'c5b6911e-35f9-4115-9bba-238ad895d232', '5ad73c1a-ac6b-4bdb-ae8e-2eb14af36e7a', '6b20fafc-2095-4e02-8b22-d7b3f04dc818', NULL, NULL, NULL, NULL),
('1fc7a222-6a4b-46f4-9276-fdabaa8e76c6', 'c5b6911e-35f9-4115-9bba-238ad895d232', '5ad73c1a-ac6b-4bdb-ae8e-2eb14af36e7a', 'd12a2a65-d4f9-4018-8a4e-209a58b79607', NULL, NULL, NULL, NULL),
('1ff78e6c-1806-468a-b97c-a39f8ea7a1d1', 'fb05f47a-ec01-4565-bbab-be5aab840dba', '409f8585-b7ca-438d-995d-0c63f1e2c236', '26ab8d4e-4d51-4c19-82ea-d97733882057', NULL, NULL, NULL, NULL),
('2394738b-c083-416e-94e8-c55d21e3ed25', '4c89cfb6-3c92-442a-9ab1-49f12d0ace1e', '32a88286-889a-4f66-b15d-875c69288b04', '92c8de15-8849-4016-a2aa-f9b8ea258c47', NULL, NULL, NULL, NULL),
('23e36067-3389-4389-852b-0dfd1ad4a2ed', '8247aeff-afc6-428b-99b2-f3b32d341858', '5ad73c1a-ac6b-4bdb-ae8e-2eb14af36e7a', '32c62b88-ec04-4693-bab3-d6a0246fdad3', NULL, NULL, NULL, NULL),
('241d8dac-88a4-4719-a9af-f0cdd4a38d5f', 'ac82f2ee-66bf-4ce2-aa18-d9b92212a3e0', '5ad73c1a-ac6b-4bdb-ae8e-2eb14af36e7a', '85cdc580-83e0-43cb-b974-43e87446996d', NULL, NULL, NULL, NULL),
('260bff8d-8120-487b-8e7f-37436887c1e2', 'ec6e4b39-f423-4c9e-9977-7847e90509c7', '5f316b2c-fff2-42b4-a740-69d8c873a03c', '62f19697-9c4b-4842-9322-6022b167111c', NULL, NULL, NULL, NULL),
('260ef72c-391e-4e36-a3a5-53ff18eeef73', '11c46139-0cf2-426a-993d-2753e13738a1', '5ad73c1a-ac6b-4bdb-ae8e-2eb14af36e7a', '09beb649-5923-442d-8162-4045091f5893', NULL, NULL, NULL, NULL),
('2a10aee5-fa6b-4b62-9184-594639eb48ab', '86df6be7-2d12-4655-b8f7-2ff83dc1a8ec', 'a6a0b458-33e3-4de3-8348-7a49d1bb0d44', 'cade3f8b-c467-442d-8b8a-da4910b45f8e', NULL, NULL, NULL, NULL),
('2c6e38e7-fe90-4830-a3d8-88f59d86a9a3', '86df6be7-2d12-4655-b8f7-2ff83dc1a8ec', '5ad73c1a-ac6b-4bdb-ae8e-2eb14af36e7a', 'ae20bc78-66cd-4d51-bace-07f446e73ddc', NULL, NULL, NULL, NULL),
('2e16ef74-5e7e-4472-9e1b-3abbe4a84657', 'ac82f2ee-66bf-4ce2-aa18-d9b92212a3e0', '05b926d1-2dde-4fe7-9604-178936c9a409', '64dc80a8-6f16-49ca-be45-e97c5bd5c7f0', NULL, NULL, NULL, NULL),
('2f91e69d-e890-46ae-99bf-f3ef7b4176e3', '1da80678-f130-46c8-bff1-841c6def4900', '2e034053-7883-4738-8836-a1dab1e5fa9d', '18ee031f-441b-40dc-bc35-c180b73f34ce', NULL, NULL, NULL, NULL),
('314004d7-9045-4524-b819-0b9969588a1b', '9f5c3775-fe96-4abb-b831-59e7a45f0586', '84fe2261-cb51-4c9a-a16a-6bd3b618860c', '86ed67da-882f-4d6b-a592-692dcb4a5421', NULL, NULL, NULL, NULL),
('3435c57a-940c-44d0-a95f-8174a98bcdae', 'c5b6911e-35f9-4115-9bba-238ad895d232', '5ad73c1a-ac6b-4bdb-ae8e-2eb14af36e7a', 'c4417d7f-2e77-45ac-8bd4-0276d9bbe6b1', NULL, NULL, NULL, NULL),
('344c808e-4f3a-484e-90a3-45cde9188a2b', '62599538-13ba-4d9d-a24d-e4e007c09106', '05b926d1-2dde-4fe7-9604-178936c9a409', '8849ac42-df98-4dfc-8a9b-89b672e2288d', NULL, NULL, NULL, NULL),
('34de0a90-7434-47b0-bc3b-f9cef76e39cb', 'c5b6911e-35f9-4115-9bba-238ad895d232', '5ad73c1a-ac6b-4bdb-ae8e-2eb14af36e7a', 'ba3793e3-cb3e-4972-867e-8b621bc52bb7', NULL, NULL, NULL, NULL),
('36272391-8d4a-4151-a8fc-469ea163569a', 'c5b6911e-35f9-4115-9bba-238ad895d232', '5ad73c1a-ac6b-4bdb-ae8e-2eb14af36e7a', 'eaeac0ba-852f-4889-99c6-6511da7dde78', NULL, NULL, NULL, NULL),
('3645d7f1-b32e-4e14-9b6a-5ed7504b9d6f', 'f4410d0f-32d3-4cf1-901c-cf44d879708d', 'def032ce-2176-4f30-a461-95aa137ebb56', '7129a4a9-868a-4ece-bc80-c401a81961f8', NULL, NULL, NULL, NULL),
('367aad66-a9d5-4992-865d-a73344062404', 'c5b6911e-35f9-4115-9bba-238ad895d232', '84fe2261-cb51-4c9a-a16a-6bd3b618860c', '01952b64-b8c3-4b5e-9925-dca0b3daf221', '2024-07-10 15:17:10', NULL, NULL, NULL),
('370c57c9-0a03-4d0d-bc35-bcb20cd6bf64', '6d00e192-1e98-4ad1-84c4-dba21d2e41c9', '49e6221a-918d-4f4e-ab45-4289a592b136', 'a0c1e6a0-5ea3-4570-9444-adf23383831f', NULL, NULL, NULL, NULL),
('38b18135-77a9-4c5b-b12f-2846bc5b3678', '8247aeff-afc6-428b-99b2-f3b32d341858', '5ad73c1a-ac6b-4bdb-ae8e-2eb14af36e7a', '1e80488c-def3-4777-9bb1-9bdc6e9e9228', NULL, NULL, NULL, NULL),
('3ad6558f-1489-45a3-a9e9-762c96db3dfc', 'c5b6911e-35f9-4115-9bba-238ad895d232', '5ad73c1a-ac6b-4bdb-ae8e-2eb14af36e7a', '83c737f0-58fd-4048-8cfe-bc6a369de5f7', NULL, NULL, NULL, NULL),
('3eab87c3-7b22-437f-bee0-5d5ef11e4ce1', '11c46139-0cf2-426a-993d-2753e13738a1', '2e034053-7883-4738-8836-a1dab1e5fa9d', '729d30c6-c418-42fc-8cb3-11a0986a2e1d', NULL, NULL, NULL, NULL),
('3f4f7af3-d5ef-4e48-a73e-fddb0e19ac4d', 'ac82f2ee-66bf-4ce2-aa18-d9b92212a3e0', '5ad73c1a-ac6b-4bdb-ae8e-2eb14af36e7a', '6ac1f177-c11e-44ac-bccc-8b8a62291bb8', NULL, NULL, NULL, NULL),
('403f7184-ad00-45cc-9065-80c237fc2d6c', 'f8cb8465-d2a7-4809-92be-da528b741f64', '1082904e-89e2-46e1-b864-9b9270d3f724', 'b5b1c628-8556-4093-9c41-c9c42ecca1b7', NULL, NULL, NULL, NULL),
('41fe9bb1-20b7-4d3e-9315-a2296a6e6fc5', '86df6be7-2d12-4655-b8f7-2ff83dc1a8ec', '9f5be486-5d89-416f-b490-718e0284b1de', 'c769e98a-2432-43ec-ad66-29160388f4d4', NULL, NULL, NULL, NULL),
('430a61e8-3519-43a8-85d5-6848eeb85ffe', 'ac82f2ee-66bf-4ce2-aa18-d9b92212a3e0', '5ad73c1a-ac6b-4bdb-ae8e-2eb14af36e7a', '4877ff78-ed05-4e1e-8f61-8b806901fddc', NULL, NULL, NULL, NULL),
('438412a3-58ce-4de1-9f74-db6ab54ab9dc', '62599538-13ba-4d9d-a24d-e4e007c09106', '9c066ccb-81b2-49b9-8b9b-75f94415992a', 'd0da1816-e159-4217-bb0a-59e4430401a0', NULL, NULL, NULL, NULL),
('44f2abbe-8aeb-4ca1-bc23-48f8db9d72e3', '5f8f7eaf-ddf0-4bdb-b5c6-d764de223839', '47c8cf17-2616-4d6d-87e3-6ddb600f7ea7', '59f9e391-5370-492f-a176-3f59c4ef1d88', NULL, NULL, NULL, NULL),
('45797346-e7a7-4ce7-9992-ce57bddec891', 'ac82f2ee-66bf-4ce2-aa18-d9b92212a3e0', '5ad73c1a-ac6b-4bdb-ae8e-2eb14af36e7a', 'd395b95d-00ba-4e8e-8873-cf19f3ff9528', NULL, NULL, NULL, NULL),
('45a05138-4387-49e7-b328-9a00473c31ae', '7f4eb3e5-5ac7-4f7c-b77f-67659ee3ee39', 'a6de6517-6fa9-4244-9d0d-9779d7ab73b8', '3b52d8ac-6e06-4bee-9ba6-c7717b2db816', NULL, NULL, NULL, NULL),
('45dd0d23-6634-4940-93fc-0e264cb1e492', 'c5b6911e-35f9-4115-9bba-238ad895d232', '5ad73c1a-ac6b-4bdb-ae8e-2eb14af36e7a', '54c3623d-f028-45ba-baff-b7d419790d88', NULL, NULL, NULL, NULL),
('4c825a09-699e-41da-ae1a-cf53d2b2a882', 'c5b6911e-35f9-4115-9bba-238ad895d232', '5ad73c1a-ac6b-4bdb-ae8e-2eb14af36e7a', 'e09a47a4-125b-4174-87f1-41c5f70bf9aa', NULL, NULL, NULL, NULL),
('4d74f6ef-a130-42e3-99bd-9d7a71aa67d1', 'aa3c2982-e5d3-4d8e-9c73-23f545ad55c9', 'b7885f05-90c0-4d23-8b53-525fa289d44c', '1e3bd0ab-48f3-481d-9ce2-903d982318b0', NULL, NULL, NULL, NULL),
('55595666-9a72-445b-8106-2f84482fff9f', 'c5b6911e-35f9-4115-9bba-238ad895d232', '3e3e58bd-61b3-4c3f-adb4-ef005e84dd46', '0e8d3703-d24b-40fa-9d0e-171d70b785b1', NULL, NULL, NULL, NULL),
('5b2ca46e-9516-4dcc-a3fa-e4f370450b2b', 'ac82f2ee-66bf-4ce2-aa18-d9b92212a3e0', '5ad73c1a-ac6b-4bdb-ae8e-2eb14af36e7a', '3f40e9b6-6d5e-4468-ac77-32d6d6fd0a56', NULL, NULL, NULL, NULL),
('5b5b0213-d3fc-49ad-a501-3dddbbb0b886', 'ac82f2ee-66bf-4ce2-aa18-d9b92212a3e0', '5ad73c1a-ac6b-4bdb-ae8e-2eb14af36e7a', 'e5b9b97e-ca1b-46e3-ac44-0ee44630de69', NULL, NULL, NULL, NULL),
('5b7a12eb-42ff-4d26-ac1f-82b1f6d9dacd', '69bad80a-c2e2-4955-b35f-d5ba87673bc7', '9a17c62e-6946-4586-86a4-059b6d843959', 'bb989a71-86ec-47f2-927c-ae65f2e5d3ed', NULL, NULL, NULL, NULL),
('5ef26f8b-b04f-476c-ba3a-454f7fe13347', 'ac82f2ee-66bf-4ce2-aa18-d9b92212a3e0', '5ad73c1a-ac6b-4bdb-ae8e-2eb14af36e7a', '2a02e801-aa8e-49ad-96b6-bec8abfd6a45', NULL, NULL, NULL, NULL),
('5f06e040-bdbe-4f1f-a627-1f50968baf9e', 'ac82f2ee-66bf-4ce2-aa18-d9b92212a3e0', '5ad73c1a-ac6b-4bdb-ae8e-2eb14af36e7a', '77b32408-298b-4033-b74b-3813eacadaac', NULL, NULL, NULL, NULL),
('5f983e0d-204f-4eed-8785-02f9db460f07', 'ac82f2ee-66bf-4ce2-aa18-d9b92212a3e0', '5ad73c1a-ac6b-4bdb-ae8e-2eb14af36e7a', '5e3c24e8-f2b4-4780-bb44-33e9ff0b3985', NULL, NULL, NULL, NULL),
('60c4e8c7-5c4c-4ae9-86a7-d74d7ab0f1cc', 'f4410d0f-32d3-4cf1-901c-cf44d879708d', '491eed19-b537-49c2-a298-dd934dff79f0', '9d7ea520-5437-4156-a563-1fb39a0e5276', NULL, NULL, NULL, NULL),
('64f8cbee-7b35-4826-bcfe-2428e3b227c2', '11c46139-0cf2-426a-993d-2753e13738a1', '5ad73c1a-ac6b-4bdb-ae8e-2eb14af36e7a', '52277dd0-4486-4d9c-913f-4c7aad0bd841', NULL, NULL, NULL, NULL),
('6591f973-4fe6-4ab1-ad60-bcbdd939524d', 'c5b6911e-35f9-4115-9bba-238ad895d232', '5ad73c1a-ac6b-4bdb-ae8e-2eb14af36e7a', '23ac74ed-3134-46e2-835c-51b587669184', NULL, NULL, NULL, NULL),
('65b0420f-7843-4cc1-b087-ee5b8d8813e1', 'c5b6911e-35f9-4115-9bba-238ad895d232', '5ad73c1a-ac6b-4bdb-ae8e-2eb14af36e7a', 'ee6c6c22-8a4d-40c6-ac09-37b228a9fdb7', NULL, NULL, NULL, NULL),
('69263d01-27de-434f-a5ef-85723e7f5a9f', '8415a454-2947-4339-a4e1-98abf456c63b', 'b7885f05-90c0-4d23-8b53-525fa289d44c', 'c274e5df-38dd-4a42-85c3-a41f6347bc9c', NULL, NULL, NULL, NULL),
('6b74d0f1-d162-49be-80b8-d1f415d75d3e', 'ac82f2ee-66bf-4ce2-aa18-d9b92212a3e0', '5ad73c1a-ac6b-4bdb-ae8e-2eb14af36e7a', '3cc88eed-5434-4b52-9717-0f28e834bf7d', NULL, NULL, NULL, NULL),
('6e3b0bb6-a509-4998-8269-365de425c788', 'ac82f2ee-66bf-4ce2-aa18-d9b92212a3e0', '3e3e58bd-61b3-4c3f-adb4-ef005e84dd46', 'cb3853df-6799-4590-b38e-dc0f332a995e', NULL, NULL, NULL, NULL),
('6e548f45-550e-4ddd-b7ce-4e99faf37ab1', 'c5b6911e-35f9-4115-9bba-238ad895d232', '5ad73c1a-ac6b-4bdb-ae8e-2eb14af36e7a', '2010fb76-9ecd-4506-8ff0-8821bc84100d', NULL, NULL, NULL, NULL),
('6f865576-2a74-4dfa-9b5e-1a803e1d0d02', 'ac82f2ee-66bf-4ce2-aa18-d9b92212a3e0', '5ad73c1a-ac6b-4bdb-ae8e-2eb14af36e7a', 'c2b51148-5c05-4477-832a-c3936fd5a927', NULL, NULL, NULL, NULL),
('7041cae4-8168-4b98-ae47-c1c3672b327d', 'c5b6911e-35f9-4115-9bba-238ad895d232', '5ad73c1a-ac6b-4bdb-ae8e-2eb14af36e7a', '5d41d732-e83b-49b1-ab18-cdf0bf7bb8f4', NULL, NULL, NULL, NULL),
('722fe8ed-e680-4b01-87d7-abd1085ba4f2', '11c46139-0cf2-426a-993d-2753e13738a1', '5ad73c1a-ac6b-4bdb-ae8e-2eb14af36e7a', '7a40c195-8bb6-45b8-b6d4-503aa80cc6ea', NULL, NULL, NULL, NULL),
('724dccb6-afd9-4286-8c79-e538930d970b', '11c46139-0cf2-426a-993d-2753e13738a1', '5ad73c1a-ac6b-4bdb-ae8e-2eb14af36e7a', 'b14fd70c-e789-49ed-b2f0-7573d2f63390', NULL, NULL, NULL, NULL),
('75197de9-92cb-423f-abe2-066b2ee2eb39', 'ac82f2ee-66bf-4ce2-aa18-d9b92212a3e0', '5ad73c1a-ac6b-4bdb-ae8e-2eb14af36e7a', '72e0d413-7f46-479e-8631-d525688a4dc4', NULL, NULL, NULL, NULL),
('76fffeb9-39e3-4001-a278-9716cf41b979', '62599538-13ba-4d9d-a24d-e4e007c09106', '7671da7e-c4f3-4498-8e79-d8c46295f195', '73f3ca5e-26e8-4b79-b9ae-d48790d1769f', NULL, NULL, NULL, NULL),
('7787fa96-5e71-43a4-b2d3-575af394986d', '11c46139-0cf2-426a-993d-2753e13738a1', '5ad73c1a-ac6b-4bdb-ae8e-2eb14af36e7a', 'acf9e6a3-73d0-4ffe-8c86-8783f3cc1485', NULL, NULL, NULL, NULL),
('782d948a-af91-4410-bed5-633117cd08da', '9f5c3775-fe96-4abb-b831-59e7a45f0586', '84fe2261-cb51-4c9a-a16a-6bd3b618860c', 'a041ef32-85a7-4f48-9812-3f39f3844056', NULL, NULL, NULL, NULL),
('78d85ad5-3a2c-48e1-a80e-38dbc89d6b7f', '62599538-13ba-4d9d-a24d-e4e007c09106', '2e034053-7883-4738-8836-a1dab1e5fa9d', '04f905d0-8d85-4181-872f-d3ca7a4cc382', NULL, NULL, NULL, NULL),
('7916b00b-42a3-45ca-bd2f-8bcbb7ca0035', '3900c4c2-dc44-45c6-af33-a38589dd82f4', '5ad73c1a-ac6b-4bdb-ae8e-2eb14af36e7a', '713a096a-bbde-40e3-b8dd-fbab75129b21', NULL, NULL, NULL, NULL),
('798aff99-bb2d-4107-b952-25225918462e', '62599538-13ba-4d9d-a24d-e4e007c09106', '3e3e58bd-61b3-4c3f-adb4-ef005e84dd46', 'd49fdac3-428e-47b5-a799-ab6b7649e1af', NULL, NULL, NULL, NULL),
('7a0a331b-9fc4-4005-a1fe-138663ecbf7f', 'acf9a172-19cd-4651-8b50-17e57d0f25d9', '', '575e731d-6346-4935-8975-b115524aa9af', NULL, NULL, NULL, NULL),
('7a0ed015-6357-4fc9-beab-a2901ee23e23', '3900c4c2-dc44-45c6-af33-a38589dd82f4', '5ad73c1a-ac6b-4bdb-ae8e-2eb14af36e7a', 'be05e476-af7e-44fe-88a6-f6370252a61c', NULL, NULL, NULL, NULL),
('7a12f180-0df3-413f-b2d4-d63ae113bf0d', '8247aeff-afc6-428b-99b2-f3b32d341858', '399a9893-e603-40bc-8b50-c239d93445b8', '0189da5d-793d-4435-9a4b-9f3f7c68914e', NULL, NULL, NULL, NULL),
('7b2173ab-adac-4280-abd0-c41e0f86eca4', 'f4410d0f-32d3-4cf1-901c-cf44d879708d', '6e6fbf46-87fd-4afe-a9a0-d3b018213817', 'b2869ad2-f2de-45f4-9e29-31fef433a6ac', NULL, NULL, NULL, NULL),
('7b84bf7e-ff3b-488b-9ed7-d2042ce0e882', 'f4410d0f-32d3-4cf1-901c-cf44d879708d', '5ad73c1a-ac6b-4bdb-ae8e-2eb14af36e7a', '73806e7c-15e2-4d45-ac40-ae839433c1ee', NULL, NULL, NULL, NULL),
('7bd258c3-7762-4714-9d1a-aa8352738409', 'c5b6911e-35f9-4115-9bba-238ad895d232', '5ad73c1a-ac6b-4bdb-ae8e-2eb14af36e7a', '86d8ddf7-b77e-4a70-a9be-45e90d081b8f', NULL, NULL, NULL, NULL),
('7c982590-78fb-4ea5-80fa-c66d2a9b29c8', '46658dc0-ba3d-4f38-8f1b-950987050b01', '5ad73c1a-ac6b-4bdb-ae8e-2eb14af36e7a', 'fee89f52-e404-4024-948f-690b9ef34cab', NULL, NULL, NULL, NULL),
('7ebb426b-bfed-4e80-9843-f710a64298ee', 'c5b6911e-35f9-4115-9bba-238ad895d232', '5ad73c1a-ac6b-4bdb-ae8e-2eb14af36e7a', '9854cbea-470b-4900-a553-707ec93e2bd2', NULL, NULL, NULL, NULL),
('7f88959b-765e-499a-a418-e410b23a5396', 'f8cb8465-d2a7-4809-92be-da528b741f64', 'e51b739c-0c4e-4f80-9308-44bb28a61afc', 'd5196a12-dc67-42c0-96c5-0e1b1f10fea9', NULL, NULL, NULL, NULL),
('82b60e6d-56b2-40d1-94ee-774d3699a5cb', 'ef021d92-8413-46f8-bb7d-566bd81ce12c', '4a9a6b8a-a3ec-44c9-8b22-090f3a6e1925', 'c919af7c-31bf-4969-8281-ba10712f3bee', NULL, NULL, NULL, NULL),
('83992168-c866-49e3-93e0-55b92e66d2c9', '2448fd19-0a59-45cb-870e-64c7e0d1d86c', '6e6fbf46-87fd-4afe-a9a0-d3b018213817', '3f52c076-dc8f-4db1-84af-a5f5e3e09465', NULL, NULL, NULL, NULL),
('85704755-e00e-4537-981e-2c2efa54ea86', '49768f1c-b651-4d9d-a3ba-b1ca62dd5acb', '5ad73c1a-ac6b-4bdb-ae8e-2eb14af36e7a', '719254b4-c756-4fd9-8d7e-c23dc5def965', NULL, NULL, NULL, NULL),
('86a2aff8-5970-4ee7-94ef-3ead6a26116a', 'd6689d2e-6a99-42b9-9d87-545d4515560f', '2e0a410f-4df3-44d9-b484-87c1821908a1', '67d1f0fd-2892-4172-919d-3bcde405f7c7', NULL, NULL, NULL, NULL),
('87aa1c61-fd07-4932-b741-8a1f2fd34724', '76ee4fd3-87a5-475b-871a-e3ac2a42a988', '409f8585-b7ca-438d-995d-0c63f1e2c236', 'c400ecb4-5d1d-4c1a-8633-121e319aec22', NULL, NULL, NULL, NULL),
('8a08edd1-9a2e-43c0-ad87-9f7d830ff296', '62599538-13ba-4d9d-a24d-e4e007c09106', 'b32b2f8f-9636-457b-a602-020f1f6570cb', '4d6e75e1-2f01-4818-9d27-48b8f6cd009c', NULL, NULL, NULL, NULL),
('91e661a0-10b5-4beb-b1f0-99c15e26bff2', '11c46139-0cf2-426a-993d-2753e13738a1', '5f316b2c-fff2-42b4-a740-69d8c873a03c', 'adf96e30-d584-4258-af81-86ac06005d32', NULL, NULL, NULL, NULL),
('928d4215-664c-4dab-9f6d-99ab0ce70cb2', 'f4410d0f-32d3-4cf1-901c-cf44d879708d', '5ad73c1a-ac6b-4bdb-ae8e-2eb14af36e7a', '26d9f8d1-2708-470a-a10a-13df56ba4b87', NULL, NULL, NULL, NULL),
('949e56e2-0d69-4e5b-8935-469f9aca0637', 'f3c56960-d711-440f-b109-38b20d4a7de1', '4a9a6b8a-a3ec-44c9-8b22-090f3a6e1925', '1dd6c6d6-7003-4bdc-b1f9-c3967155b376', NULL, NULL, NULL, NULL),
('955fe370-5aa8-4e63-bfa2-8aab9f40d235', 'f4410d0f-32d3-4cf1-901c-cf44d879708d', '399a9893-e603-40bc-8b50-c239d93445b8', '449066a5-90c8-45a9-bb6d-26e71e12e5ea', NULL, NULL, NULL, NULL),
('96b3ee72-a3e7-44b4-a41d-684105b338a6', '3900c4c2-dc44-45c6-af33-a38589dd82f4', '5ad73c1a-ac6b-4bdb-ae8e-2eb14af36e7a', '37ecad8f-784d-4e15-8f2f-d036ec85c354', NULL, NULL, NULL, NULL),
('99ea7573-87de-45e2-986e-ca0298447348', '1da80678-f130-46c8-bff1-841c6def4900', '8891151d-80c2-4f17-a0bc-0e54b2cf3ec9', 'f73f7068-392b-415d-a78c-8528f2218b37', NULL, NULL, NULL, NULL),
('9b81a9d6-7b39-44cc-9b8c-9208ac54011e', '93fff112-b945-44f8-8880-d787b57ee177', '5ad73c1a-ac6b-4bdb-ae8e-2eb14af36e7a', '26632167-cc7e-459d-aca3-1197bd954464', NULL, NULL, NULL, NULL),
('9bff7293-ccdc-40e1-86ec-c687df652ea6', 'c5b6911e-35f9-4115-9bba-238ad895d232', '5ad73c1a-ac6b-4bdb-ae8e-2eb14af36e7a', '6d85ab9f-d033-49d6-8c64-474af1e4cb8a', NULL, NULL, NULL, NULL),
('9d3da6bb-95d6-4b81-8dd3-23d89893442e', '86df6be7-2d12-4655-b8f7-2ff83dc1a8ec', '5ad73c1a-ac6b-4bdb-ae8e-2eb14af36e7a', 'edf5e56e-a7e9-4252-9168-56750a7e4b84', NULL, NULL, NULL, NULL),
('9d8b2ba2-7745-451c-8d20-7be70894f3ac', 'b9b47393-09e3-429e-9a6f-bb52201f7891', '9a17c62e-6946-4586-86a4-059b6d843959', '3711e36a-a4fa-497e-bd3d-ba1ce0c806a5', NULL, NULL, NULL, NULL),
('9ddb47f9-0b78-47a0-980d-4281b0ef072f', '86df6be7-2d12-4655-b8f7-2ff83dc1a8ec', '5ad73c1a-ac6b-4bdb-ae8e-2eb14af36e7a', '2ef8e877-8acb-4a76-b783-20fe572b43e9', NULL, NULL, NULL, NULL),
('9e789971-5c6b-44df-af71-6bbd557ff80c', 'ef13bf0f-aee8-4323-9f6c-20f5b1cadd45', '5ad73c1a-ac6b-4bdb-ae8e-2eb14af36e7a', '361ecbc1-8912-466e-ab42-7bcdd9526546', NULL, NULL, NULL, NULL),
('a091146a-f41c-4bf8-8a1e-efc961d5ed9f', '86df6be7-2d12-4655-b8f7-2ff83dc1a8ec', '5ad73c1a-ac6b-4bdb-ae8e-2eb14af36e7a', '66a5e940-f848-4a79-92d5-a55c73b14215', NULL, NULL, NULL, NULL),
('a1ae8751-d302-4ca3-bd7d-bf96eed63bc2', 'ec6e4b39-f423-4c9e-9977-7847e90509c7', '5ad73c1a-ac6b-4bdb-ae8e-2eb14af36e7a', 'da9c9b69-5660-4878-9e9e-d62f32cff968', NULL, NULL, NULL, NULL),
('a5001ae5-31b0-4936-b9ef-dac5c6857e7f', 'ec6e4b39-f423-4c9e-9977-7847e90509c7', 'caba2131-9291-4ba3-8842-df8680b07dd5', '1b7e663e-6a6f-4898-a64d-b9f167b27adc', NULL, NULL, NULL, NULL),
('a56db17e-276a-4875-a6de-32be4a3f5a88', '11c46139-0cf2-426a-993d-2753e13738a1', '9f5be486-5d89-416f-b490-718e0284b1de', 'cf3a17fe-648e-453d-b952-372c7acb735f', NULL, NULL, NULL, NULL),
('a5aa936f-8515-4497-8d26-6490a9aa7736', '5ce19328-275b-4a1d-b8d5-efb585e0e2f8', 'd1df9c0f-46a7-420c-b126-ad4f1d7c871e', 'a9573ecb-c1af-4eb3-bc54-f2f6a4c9c7b1', NULL, NULL, NULL, NULL),
('a674a081-578d-432c-9bb3-41d3bb93f20b', 'ac82f2ee-66bf-4ce2-aa18-d9b92212a3e0', '5ad73c1a-ac6b-4bdb-ae8e-2eb14af36e7a', '7ac3d100-0761-4dfc-a5dc-ad26a141cc92', NULL, NULL, NULL, NULL),
('a7468c37-e4af-4d9c-9b48-eafb5db06744', 'f4410d0f-32d3-4cf1-901c-cf44d879708d', '5ad73c1a-ac6b-4bdb-ae8e-2eb14af36e7a', '0b447496-425c-4476-91c6-61f07712d192', NULL, NULL, NULL, NULL),
('a9d7f168-7cbb-4039-b7dc-8368ccd41278', 'c5b6911e-35f9-4115-9bba-238ad895d232', '5ad73c1a-ac6b-4bdb-ae8e-2eb14af36e7a', '65568354-d726-47b6-95d7-b6c9ac122b03', NULL, NULL, NULL, NULL),
('aad867cb-feef-4d70-abe3-19f3da7437c5', '93fff112-b945-44f8-8880-d787b57ee177', '5ad73c1a-ac6b-4bdb-ae8e-2eb14af36e7a', 'c7d3dc89-ccaa-4f5f-88b4-916d20d93ba8', NULL, NULL, NULL, NULL),
('ad183522-7aac-4bf8-a059-a90d425ec81c', '5f8f7eaf-ddf0-4bdb-b5c6-d764de223839', '38187fa8-584c-4fbb-8109-6f98def31198', 'd778bfa7-e5ed-4a78-9125-3d96432b2f11', NULL, NULL, NULL, NULL),
('b067d2dd-c010-4ca4-a6bb-ff5020410309', 'f4410d0f-32d3-4cf1-901c-cf44d879708d', 'e51b739c-0c4e-4f80-9308-44bb28a61afc', 'c9c77937-2316-4c4a-854c-be980805231f', NULL, NULL, NULL, NULL),
('b069c25f-3406-480d-88c2-7c67bc5898a5', '86df6be7-2d12-4655-b8f7-2ff83dc1a8ec', '5ad73c1a-ac6b-4bdb-ae8e-2eb14af36e7a', '65ab1001-5699-4bd9-93e2-979855451dc4', NULL, NULL, NULL, NULL),
('b233a948-3708-4408-b974-26d407af0753', '8247aeff-afc6-428b-99b2-f3b32d341858', 'a6a0b458-33e3-4de3-8348-7a49d1bb0d44', '136c6b7c-7304-4b70-8265-f700c2969f2f', NULL, NULL, NULL, NULL),
('b242c4a6-62ae-49be-9358-84194870d992', 'ac82f2ee-66bf-4ce2-aa18-d9b92212a3e0', '1f9ed802-1c54-4895-8da0-e6fd84e3d9e5', '6ccea4ad-9acd-4bec-acb4-756a09bb3fd2', NULL, NULL, NULL, NULL),
('b29f6c63-38ca-4543-b9e8-2fb053fa6a5a', 'ac82f2ee-66bf-4ce2-aa18-d9b92212a3e0', '84fe2261-cb51-4c9a-a16a-6bd3b618860c', '2c2f8ff8-ea95-4d9d-b175-7d38b4ce1b7e', NULL, NULL, NULL, NULL),
('b3345de4-9cd3-4ae4-9d47-55b2e2d4fcd6', 'c5b6911e-35f9-4115-9bba-238ad895d232', '5ad73c1a-ac6b-4bdb-ae8e-2eb14af36e7a', '13c4a000-a3fa-4a56-967c-5f8852a601c1', NULL, NULL, NULL, NULL),
('b351ce27-0cee-4168-a13f-58606cae969a', 'ac82f2ee-66bf-4ce2-aa18-d9b92212a3e0', '5ad73c1a-ac6b-4bdb-ae8e-2eb14af36e7a', 'bac73eeb-cc60-42fa-a579-96526e16e73c', NULL, NULL, NULL, NULL),
('b4e9ae34-abfa-47c0-9806-f6b5d73201b6', '3900c4c2-dc44-45c6-af33-a38589dd82f4', '5ad73c1a-ac6b-4bdb-ae8e-2eb14af36e7a', '09f44412-991a-4146-9cc9-ed8874a5a6ea', NULL, NULL, NULL, NULL),
('b4f47a46-92d7-4605-9f61-a227a21e95fc', '3900c4c2-dc44-45c6-af33-a38589dd82f4', '6e6fbf46-87fd-4afe-a9a0-d3b018213817', '191ce2f8-cb1a-4b0b-964f-9fab1b82e91a', NULL, NULL, NULL, NULL),
('bc39c0b2-38f5-4a4b-96b9-c0fcd3bbff98', '5ce19328-275b-4a1d-b8d5-efb585e0e2f8', 'dbc4c128-bc74-4885-b9e1-0d59a630e256', '8b0b5110-8977-45de-9aaf-e4678516e1ef', NULL, NULL, NULL, NULL),
('bc53f442-dcb1-45d0-883b-ceb984eefd83', 'f8cb8465-d2a7-4809-92be-da528b741f64', '32a88286-889a-4f66-b15d-875c69288b04', '6992e09b-e9cc-4386-a169-9b921f1e6501', NULL, NULL, NULL, NULL),
('bcd5fbec-59e7-471d-9be6-bce836271404', '9f5c3775-fe96-4abb-b831-59e7a45f0586', '84fe2261-cb51-4c9a-a16a-6bd3b618860c', 'c5a3e68f-3433-4905-86fb-f1f14365d350', NULL, NULL, NULL, NULL),
('bd312013-e1fc-4bb2-9151-d7c265440497', 'b9b47393-09e3-429e-9a6f-bb52201f7891', '88f2b0c4-6507-4f7a-afd0-ccc332844a8a', '7aa1bff5-ff09-448d-92d3-74bc24dd1ddf', NULL, NULL, NULL, NULL),
('c14ea886-bb8d-4b9e-9bfd-b88913425af1', '11c46139-0cf2-426a-993d-2753e13738a1', '5ad73c1a-ac6b-4bdb-ae8e-2eb14af36e7a', '3464d6a6-9a35-4754-8388-e53ab8b499c3', NULL, NULL, NULL, NULL),
('c258c7e8-178d-43ac-9566-1ad0b9eb9018', 'f4410d0f-32d3-4cf1-901c-cf44d879708d', '2e0a410f-4df3-44d9-b484-87c1821908a1', 'e28c5cac-cd40-4ad7-9e32-2d04e581eb0b', NULL, NULL, NULL, NULL),
('c3b70e77-31af-486b-8a42-24b5f17dbc43', 'c5b6911e-35f9-4115-9bba-238ad895d232', '84fe2261-cb51-4c9a-a16a-6bd3b618860c', '52652955-a5d3-47c0-9583-ec9504a3afbf', NULL, NULL, NULL, NULL),
('c5d763df-df64-4251-b390-0e03a5afbecc', 'c5b6911e-35f9-4115-9bba-238ad895d232', '5ad73c1a-ac6b-4bdb-ae8e-2eb14af36e7a', 'aad86904-3471-43d7-924f-b287e4faee03', NULL, NULL, NULL, NULL),
('c64f9596-d9af-44f4-bca9-5fb155cf2bd4', '62599538-13ba-4d9d-a24d-e4e007c09106', 'fee2911d-ec47-4454-937e-14d4b4e706e7', 'd776953a-277c-4c98-ab13-a1cf8eadfd1e', NULL, NULL, NULL, NULL),
('c7fb1665-1650-40e6-9bc2-37065692da68', '11c46139-0cf2-426a-993d-2753e13738a1', '5ad73c1a-ac6b-4bdb-ae8e-2eb14af36e7a', '1a4c82e1-27a4-422f-aed9-7f62e3a043f9', NULL, NULL, NULL, NULL),
('cd5c6216-4215-42c9-8a24-5086d6e03c15', '69bad80a-c2e2-4955-b35f-d5ba87673bc7', '88f2b0c4-6507-4f7a-afd0-ccc332844a8a', 'a87b5934-d7c0-4f28-927d-54a11563a780', NULL, NULL, NULL, NULL),
('ce061279-9713-46db-a1a9-0ea1c50b5d06', '0e1a75f9-9e82-476f-8e43-f98c2eada415', '5ad73c1a-ac6b-4bdb-ae8e-2eb14af36e7a', 'fa830c36-e516-424a-8ab3-90bd1753ea17', NULL, NULL, NULL, NULL),
('d0c1a494-0fb7-4eb8-b68c-6905ed05870c', 'ac82f2ee-66bf-4ce2-aa18-d9b92212a3e0', '5ad73c1a-ac6b-4bdb-ae8e-2eb14af36e7a', '460cc42c-4afd-4657-9e88-41eeaa6c21a0', NULL, NULL, NULL, NULL),
('d3417453-3e8b-4a91-a1c5-a0456efe8f5d', 'f4410d0f-32d3-4cf1-901c-cf44d879708d', '5ad73c1a-ac6b-4bdb-ae8e-2eb14af36e7a', '4fc07158-b68c-4216-a864-c8a931c3f39e', NULL, NULL, NULL, NULL),
('d99e77bc-6538-46a5-b85d-57bae01ad405', '1da80678-f130-46c8-bff1-841c6def4900', '1f9ed802-1c54-4895-8da0-e6fd84e3d9e5', '778a1178-6a99-447a-82cd-c226eece0eaf', NULL, NULL, NULL, NULL),
('db03ade8-1eb1-4eb9-9424-c6bc101a73a7', 'c5b6911e-35f9-4115-9bba-238ad895d232', 'cb9a51d1-5c5f-4403-a473-264fead18228', 'dd5620cb-955d-4406-8900-1fbab7238d9f', NULL, NULL, NULL, NULL),
('dc9adaff-1a3b-4999-bd69-2341772041db', 'f3c56960-d711-440f-b109-38b20d4a7de1', '84fe2261-cb51-4c9a-a16a-6bd3b618860c', 'f2cf6622-ea16-4d1e-9c5b-554d3d9c440b', NULL, NULL, NULL, NULL),
('e1cdb5ef-ab30-4982-bef2-55f810dae77f', 'ec6e4b39-f423-4c9e-9977-7847e90509c7', '5ad73c1a-ac6b-4bdb-ae8e-2eb14af36e7a', 'bd64b4cb-0048-49fd-9337-805a465593cb', NULL, NULL, NULL, NULL),
('e743c1f3-c7f7-4ea5-8e72-87f68a0d0589', '8d40d3ba-945d-4b61-aa0d-dec159c6e4d7', '84fe2261-cb51-4c9a-a16a-6bd3b618860c', '73ec0114-9bb0-432e-94f5-5577ad542ccb', NULL, NULL, NULL, NULL),
('e8019e83-5aa3-47cd-8e6c-4d20d25ab869', '3aa1d343-0f95-4dc7-b6aa-b9d2d3bcc62e', 'fb1ca1ea-da0c-4ed3-bff1-9ecc78ba7659', 'c6c0836a-85ba-422d-a579-30b7b26ab3c4', NULL, NULL, NULL, NULL),
('e81f86ca-2911-4877-8b13-e3afdef77bf0', '93fff112-b945-44f8-8880-d787b57ee177', '5ad73c1a-ac6b-4bdb-ae8e-2eb14af36e7a', 'e7a0e2a2-9436-45da-935d-043ae3730c39', NULL, NULL, NULL, NULL),
('e8f0db85-9a91-48dc-9704-18811b30286d', 'f4410d0f-32d3-4cf1-901c-cf44d879708d', '5ad73c1a-ac6b-4bdb-ae8e-2eb14af36e7a', '400c1d27-207b-45d2-8375-56c3a481f367', NULL, NULL, NULL, NULL),
('e983bc29-8e14-4860-9de1-05a84ec53668', 'c5b6911e-35f9-4115-9bba-238ad895d232', '5ad73c1a-ac6b-4bdb-ae8e-2eb14af36e7a', 'e51b637e-5cb9-4d4f-bde5-b86f79923fda', NULL, NULL, NULL, NULL),
('e9f5f574-0d4c-4236-84d3-bb00a20e977f', '3900c4c2-dc44-45c6-af33-a38589dd82f4', '5ad73c1a-ac6b-4bdb-ae8e-2eb14af36e7a', '1f5d8e52-55e2-4fd1-8f4b-7b97456fe346', NULL, NULL, NULL, NULL),
('eb2a36d9-efc9-434f-b674-c07501ca56e9', 'c5b6911e-35f9-4115-9bba-238ad895d232', '5ad73c1a-ac6b-4bdb-ae8e-2eb14af36e7a', '05fba073-653f-49f6-9bdc-993420ef1c39', NULL, NULL, NULL, NULL),
('ed1616a2-bbe0-4296-9a72-71b344234a57', 'b0375f28-a4c2-47db-9a3f-f77da19988b5', '6cbb2f0e-753e-456c-994d-c542117c114d', '7cff5dcb-5c9b-4334-9279-74b716cbd497', NULL, NULL, NULL, NULL),
('ee1cbc51-dbfd-4c67-8731-8d4d97fd8e59', '885b41b3-b514-4a13-b237-466338cbf3c0', '84fe2261-cb51-4c9a-a16a-6bd3b618860c', 'a8cd2340-2900-4e99-a9c7-d0cd59e1c7dd', NULL, NULL, NULL, NULL),
('ee7af094-a026-47a4-a7b3-e531a36fda39', '62599538-13ba-4d9d-a24d-e4e007c09106', 'f4799c7e-5a39-4cbb-8f50-f4293670b911', 'c873024b-37a3-450e-81b3-b99a313cf5a6', NULL, NULL, NULL, NULL),
('ee887aa2-8e90-4906-9049-d7d87245832b', 'a2a4b511-9589-47bb-8d3a-b7877e889278', '5ad73c1a-ac6b-4bdb-ae8e-2eb14af36e7a', '309d9213-3f90-4a3c-ac9d-c5ce7d7f7563', NULL, NULL, NULL, NULL),
('f00564f0-6dce-4c9a-8206-19e264f10fd0', 'ac82f2ee-66bf-4ce2-aa18-d9b92212a3e0', '2e034053-7883-4738-8836-a1dab1e5fa9d', '6d6b4419-0f55-4aea-8863-d97c5f2bf188', NULL, NULL, NULL, NULL),
('f0707c65-798c-458a-a5a2-2428791939af', 'f8cb8465-d2a7-4809-92be-da528b741f64', '34e72910-8d32-45d9-9b54-7aa07c21df61', '20aa87ae-8d17-46a0-aa69-eb905975cf26', NULL, NULL, NULL, NULL),
('f3de01c1-4418-454e-aa7b-53633272c087', '69bad80a-c2e2-4955-b35f-d5ba87673bc7', 'dbc4c128-bc74-4885-b9e1-0d59a630e256', 'ba5ac375-c5e9-4347-833d-5fe028b2eedd', NULL, NULL, NULL, NULL),
('f42ae125-fe6b-46f9-b7c0-41085d6fb927', 'd6689d2e-6a99-42b9-9d87-545d4515560f', '9f5be486-5d89-416f-b490-718e0284b1de', 'd48162e4-1a7f-4837-9892-2f7ef433736f', NULL, NULL, NULL, NULL),
('f4a73c4a-ced9-4787-ad64-0b21c196c092', '3900c4c2-dc44-45c6-af33-a38589dd82f4', 'def032ce-2176-4f30-a461-95aa137ebb56', 'd9d6cd19-10f9-4ae1-b777-6ad0c6923b41', NULL, NULL, NULL, NULL),
('f5c268e1-3083-4984-95ea-07c69fee97ef', 'c5b6911e-35f9-4115-9bba-238ad895d232', '5ad73c1a-ac6b-4bdb-ae8e-2eb14af36e7a', '1131d8f1-8707-47b1-9dca-a8f278ce5c74', NULL, NULL, NULL, NULL),
('fa1cfa4d-59d9-4e70-842d-c269b5cd41e7', 'ac82f2ee-66bf-4ce2-aa18-d9b92212a3e0', '5ad73c1a-ac6b-4bdb-ae8e-2eb14af36e7a', 'a6104664-f36e-439c-a3e9-3e5c21946129', NULL, NULL, NULL, NULL),
('ff4d2ba1-82bf-49fd-8cd7-49adf1a7b6a3', '76458f73-5a28-4c82-a9d6-4186df38e8f7', 'c132686a-e7b7-4029-99a5-13e0987f71d8', '09c9a00a-2aa4-44a2-b590-a124ae21f6ed', NULL, NULL, NULL, NULL);

-- --------------------------------------------------------

--
-- Table structure for table `failed_jobs`
--

CREATE TABLE `failed_jobs` (
  `id` bigint UNSIGNED NOT NULL,
  `connection` text CHARACTER SET utf8mb4 COLLATE utf8mb4_unicode_ci NOT NULL,
  `queue` text CHARACTER SET utf8mb4 COLLATE utf8mb4_unicode_ci NOT NULL,
  `payload` longtext CHARACTER SET utf8mb4 COLLATE utf8mb4_unicode_ci NOT NULL,
  `exception` longtext CHARACTER SET utf8mb4 COLLATE utf8mb4_unicode_ci NOT NULL,
  `failed_at` timestamp NOT NULL DEFAULT CURRENT_TIMESTAMP
) ENGINE=InnoDB DEFAULT CHARSET=utf8mb4 COLLATE=utf8mb4_unicode_ci;

-- --------------------------------------------------------

--
-- Table structure for table `maintenance_memos`
--

CREATE TABLE `maintenance_memos` (
  `id` char(36) CHARACTER SET utf8mb4 COLLATE utf8mb4_unicode_ci NOT NULL,
  `number` varchar(191) CHARACTER SET utf8mb4 COLLATE utf8mb4_unicode_ci NOT NULL,
  `sign_code` char(8) CHARACTER SET utf8mb4 COLLATE utf8mb4_unicode_ci DEFAULT NULL,
  `attachment` varchar(191) CHARACTER SET utf8mb4 COLLATE utf8mb4_unicode_ci DEFAULT NULL,
  `created_at` timestamp NOT NULL DEFAULT CURRENT_TIMESTAMP ON UPDATE CURRENT_TIMESTAMP,
  `updated_at` timestamp NOT NULL DEFAULT '0000-00-00 00:00:00'
) ENGINE=InnoDB DEFAULT CHARSET=utf8mb4 COLLATE=utf8mb4_general_ci;

-- --------------------------------------------------------

--
-- Table structure for table `migrations`
--

CREATE TABLE `migrations` (
  `id` int UNSIGNED NOT NULL,
  `migration` varchar(191) CHARACTER SET utf8mb4 COLLATE utf8mb4_unicode_ci NOT NULL,
  `batch` int NOT NULL
) ENGINE=InnoDB DEFAULT CHARSET=utf8mb4 COLLATE=utf8mb4_unicode_ci;

--
-- Dumping data for table `migrations`
--

INSERT INTO `migrations` (`id`, `migration`, `batch`) VALUES
(1, '2014_10_12_000000_create_users_table', 1),
(2, '2014_10_12_100000_create_password_resets_table', 1),
(3, '2019_06_15_111100_create_permission_tables', 1),
(4, '2019_08_19_000000_create_failed_jobs_table', 1),
(5, '2020_04_30_085521_create_devices_table', 1),
(6, '2020_04_30_085522_create_device_images_table', 1),
(7, '2020_04_30_085523_create_device_maintenances_table', 1),
(8, '2020_04_30_085615_create_device_states_table', 1),
(9, '2023_07_11_041634_create_service_requests_table', 1),
(10, '2023_07_11_042506_create_service_types_table', 1),
(11, '2023_07_11_043308_create_service_comments_table', 1),
(12, '2019_12_14_000001_create_personal_access_tokens_table', 2),
(13, '2023_08_11_142131_create_device_supplies_table', 2),
(14, '2023_10_29_063445_create_notifications_table', 2),
(15, '2023_11_14_012354_create_software_table', 3),
(16, '2019_12_22_015115_create_short_urls_table', 4),
(17, '2019_12_22_015214_create_short_url_visits_table', 4),
(18, '2020_02_11_224848_update_short_url_table_for_version_two_zero_zero', 4),
(19, '2020_02_12_008432_update_short_url_visits_table_for_version_two_zero_zero', 4),
(20, '2020_04_10_224546_update_short_url_table_for_version_three_zero_zero', 4),
(21, '2020_04_20_009283_update_short_url_table_add_option_to_forward_query_params', 4),
(22, '2023_11_23_090053_create_webhooks_table', 5);

-- --------------------------------------------------------

--
-- Table structure for table `model_has_permissions`
--

CREATE TABLE `model_has_permissions` (
  `permission_id` char(36) CHARACTER SET utf8mb4 COLLATE utf8mb4_unicode_ci NOT NULL,
  `model_type` varchar(191) CHARACTER SET utf8mb4 COLLATE utf8mb4_unicode_ci NOT NULL,
  `model_uuid` char(36) CHARACTER SET utf8mb4 COLLATE utf8mb4_unicode_ci NOT NULL
) ENGINE=InnoDB DEFAULT CHARSET=utf8mb4 COLLATE=utf8mb4_unicode_ci;

-- --------------------------------------------------------

--
-- Table structure for table `model_has_roles`
--

CREATE TABLE `model_has_roles` (
  `role_id` char(36) CHARACTER SET utf8mb4 COLLATE utf8mb4_unicode_ci NOT NULL,
  `model_type` varchar(191) CHARACTER SET utf8mb4 COLLATE utf8mb4_unicode_ci NOT NULL,
  `model_uuid` char(36) CHARACTER SET utf8mb4 COLLATE utf8mb4_unicode_ci NOT NULL
) ENGINE=InnoDB DEFAULT CHARSET=utf8mb4 COLLATE=utf8mb4_unicode_ci;

--
-- Dumping data for table `model_has_roles`
--

INSERT INTO `model_has_roles` (`role_id`, `model_type`, `model_uuid`) VALUES
('8e40806e-2b76-4b84-af0a-2e77941723d9', 'App\\Models\\User', '05b926d1-2dde-4fe7-9604-178936c9a409'),
('725bcf55-4a4d-4192-86c4-de04630fdadf', 'App\\Models\\User', '0846b5be-5262-4797-962d-b252f5feaf56'),
('8e40806e-2b76-4b84-af0a-2e77941723d9', 'App\\Models\\User', '09239b9e-1736-4580-ad92-3f83a1cedcb4'),
('8e40806e-2b76-4b84-af0a-2e77941723d9', 'App\\Models\\User', '1082904e-89e2-46e1-b864-9b9270d3f724'),
('725bcf55-4a4d-4192-86c4-de04630fdadf', 'App\\Models\\User', '1803fdc1-6bcd-4924-af8b-503a0ac09f33'),
('8e40806e-2b76-4b84-af0a-2e77941723d9', 'App\\Models\\User', '1b4e7c03-7336-4b9c-9bd7-d13d1c8de4f0'),
('8e40806e-2b76-4b84-af0a-2e77941723d9', 'App\\Models\\User', '1f9ed802-1c54-4895-8da0-e6fd84e3d9e5'),
('8e40806e-2b76-4b84-af0a-2e77941723d9', 'App\\Models\\User', '21a7c831-a9eb-4631-8fe2-99ab08a1f69a'),
('8e40806e-2b76-4b84-af0a-2e77941723d9', 'App\\Models\\User', '2bf022b8-6b0e-4360-9a73-3abaf02e7ac3'),
('6f1717e3-9cc2-435b-9aba-6bcf8c83746a', 'App\\Models\\User', '2e034053-7883-4738-8836-a1dab1e5fa9d'),
('8e40806e-2b76-4b84-af0a-2e77941723d9', 'App\\Models\\User', '2e0a410f-4df3-44d9-b484-87c1821908a1'),
('8e40806e-2b76-4b84-af0a-2e77941723d9', 'App\\Models\\User', '32a88286-889a-4f66-b15d-875c69288b04'),
('8e40806e-2b76-4b84-af0a-2e77941723d9', 'App\\Models\\User', '34e72910-8d32-45d9-9b54-7aa07c21df61'),
('a725a973-3c25-4dd6-924d-5ca2a240ea49', 'App\\Models\\User', '38187fa8-584c-4fbb-8109-6f98def31198'),
('8e40806e-2b76-4b84-af0a-2e77941723d9', 'App\\Models\\User', '399a9893-e603-40bc-8b50-c239d93445b8'),
('8e40806e-2b76-4b84-af0a-2e77941723d9', 'App\\Models\\User', '3a0d75f8-ee4e-4180-9882-b8789e120ffb'),
('8e40806e-2b76-4b84-af0a-2e77941723d9', 'App\\Models\\User', '3deef9c2-a074-4d71-b87c-ff8a6adbb45a'),
('8e40806e-2b76-4b84-af0a-2e77941723d9', 'App\\Models\\User', '3e3e58bd-61b3-4c3f-adb4-ef005e84dd46'),
('8e40806e-2b76-4b84-af0a-2e77941723d9', 'App\\Models\\User', '47c8cf17-2616-4d6d-87e3-6ddb600f7ea7'),
('8e40806e-2b76-4b84-af0a-2e77941723d9', 'App\\Models\\User', '491eed19-b537-49c2-a298-dd934dff79f0'),
('8e40806e-2b76-4b84-af0a-2e77941723d9', 'App\\Models\\User', '49e6221a-918d-4f4e-ab45-4289a592b136'),
('8e40806e-2b76-4b84-af0a-2e77941723d9', 'App\\Models\\User', '548ad2e4-4573-4a1f-9046-e514fb403e17'),
('8e40806e-2b76-4b84-af0a-2e77941723d9', 'App\\Models\\User', '54f1eee7-879b-4a78-bf86-a8b8c8df72b9'),
('8e40806e-2b76-4b84-af0a-2e77941723d9', 'App\\Models\\User', '5f316b2c-fff2-42b4-a740-69d8c873a03c'),
('8e40806e-2b76-4b84-af0a-2e77941723d9', 'App\\Models\\User', '61c2eded-8838-4741-9bc6-c3fe1dcc13ad'),
('8e40806e-2b76-4b84-af0a-2e77941723d9', 'App\\Models\\User', '63b63c85-6725-47c9-8a02-6c75d366c042'),
('8e40806e-2b76-4b84-af0a-2e77941723d9', 'App\\Models\\User', '6e6fbf46-87fd-4afe-a9a0-d3b018213817'),
('8e40806e-2b76-4b84-af0a-2e77941723d9', 'App\\Models\\User', '7671da7e-c4f3-4498-8e79-d8c46295f195'),
('8e40806e-2b76-4b84-af0a-2e77941723d9', 'App\\Models\\User', '7f8e2b5f-bc6c-4eb2-bc4a-edd02c825912'),
('8e40806e-2b76-4b84-af0a-2e77941723d9', 'App\\Models\\User', '7fc01389-a16b-459b-a693-45753d9e6ba5'),
('8e40806e-2b76-4b84-af0a-2e77941723d9', 'App\\Models\\User', '8299708a-46b9-4c7c-9753-97dc9beba1fa'),
('8e40806e-2b76-4b84-af0a-2e77941723d9', 'App\\Models\\User', '8891151d-80c2-4f17-a0bc-0e54b2cf3ec9'),
('8e40806e-2b76-4b84-af0a-2e77941723d9', 'App\\Models\\User', '8913f786-63a1-43a4-a2bb-17f4d91a405d'),
('8e40806e-2b76-4b84-af0a-2e77941723d9', 'App\\Models\\User', '962e2878-437f-48bb-9330-6b40a3da75b5'),
('8e40806e-2b76-4b84-af0a-2e77941723d9', 'App\\Models\\User', '9c066ccb-81b2-49b9-8b9b-75f94415992a'),
('8e40806e-2b76-4b84-af0a-2e77941723d9', 'App\\Models\\User', 'a666e105-b12d-4bc1-8397-0edb3d9179d2'),
('8e40806e-2b76-4b84-af0a-2e77941723d9', 'App\\Models\\User', 'a6a0b458-33e3-4de3-8348-7a49d1bb0d44'),
('8e40806e-2b76-4b84-af0a-2e77941723d9', 'App\\Models\\User', 'a6de6517-6fa9-4244-9d0d-9779d7ab73b8'),
('8e40806e-2b76-4b84-af0a-2e77941723d9', 'App\\Models\\User', 'ab8114f0-b4ec-4d60-858e-6c37d1e21f3a'),
('8e40806e-2b76-4b84-af0a-2e77941723d9', 'App\\Models\\User', 'b32b2f8f-9636-457b-a602-020f1f6570cb'),
('8e40806e-2b76-4b84-af0a-2e77941723d9', 'App\\Models\\User', 'c5b9e1da-1cea-4633-9f23-afe1b9b43ee8'),
('8e40806e-2b76-4b84-af0a-2e77941723d9', 'App\\Models\\User', 'caba2131-9291-4ba3-8842-df8680b07dd5'),
('8e40806e-2b76-4b84-af0a-2e77941723d9', 'App\\Models\\User', 'd2569596-43f4-4c7d-9d74-500ac8a68a55'),
('8e40806e-2b76-4b84-af0a-2e77941723d9', 'App\\Models\\User', 'd4042fe1-af45-40b0-b874-7696892088fe'),
('8e40806e-2b76-4b84-af0a-2e77941723d9', 'App\\Models\\User', 'db364b64-58f7-4efe-b23c-ebebc1b000b4'),
('8e40806e-2b76-4b84-af0a-2e77941723d9', 'App\\Models\\User', 'def032ce-2176-4f30-a461-95aa137ebb56'),
('bb2a66f0-e350-4184-b719-c3d43f10f746', 'App\\Models\\User', 'e01199b2-1925-4282-b947-335c11986492'),
('8e40806e-2b76-4b84-af0a-2e77941723d9', 'App\\Models\\User', 'e51b739c-0c4e-4f80-9308-44bb28a61afc'),
('a725a973-3c25-4dd6-924d-5ca2a240ea49', 'App\\Models\\User', 'ece5e6a0-8654-4c54-9aed-e90151adbb5b'),
('8e40806e-2b76-4b84-af0a-2e77941723d9', 'App\\Models\\User', 'edae8ed7-43d8-4e36-995a-4f8934ce0c0c'),
('8e40806e-2b76-4b84-af0a-2e77941723d9', 'App\\Models\\User', 'f0f7a0e1-e27f-4210-adfb-2e21f8d78f5a'),
('8e40806e-2b76-4b84-af0a-2e77941723d9', 'App\\Models\\User', 'f4799c7e-5a39-4cbb-8f50-f4293670b911'),
('8e40806e-2b76-4b84-af0a-2e77941723d9', 'App\\Models\\User', 'f4d2176c-855d-49a7-aca2-1d0371b4907a'),
('8e40806e-2b76-4b84-af0a-2e77941723d9', 'App\\Models\\User', 'fee2911d-ec47-4454-937e-14d4b4e706e7');

-- --------------------------------------------------------

--
-- Table structure for table `notifications`
--

CREATE TABLE `notifications` (
  `id` char(36) CHARACTER SET utf8mb4 COLLATE utf8mb4_unicode_ci NOT NULL,
  `type` varchar(255) CHARACTER SET utf8mb4 COLLATE utf8mb4_unicode_ci NOT NULL,
  `notifiable_type` varchar(255) CHARACTER SET utf8mb4 COLLATE utf8mb4_unicode_ci NOT NULL,
  `notifiable_id` char(36) CHARACTER SET utf8mb4 COLLATE utf8mb4_unicode_ci NOT NULL,
  `data` text CHARACTER SET utf8mb4 COLLATE utf8mb4_unicode_ci NOT NULL,
  `read_at` timestamp NULL DEFAULT NULL,
  `created_at` timestamp NULL DEFAULT NULL,
  `updated_at` timestamp NULL DEFAULT NULL
) ENGINE=InnoDB DEFAULT CHARSET=utf8mb4 COLLATE=utf8mb4_unicode_ci;

--
-- Dumping data for table `notifications`
--

INSERT INTO `notifications` (`id`, `type`, `notifiable_type`, `notifiable_id`, `data`, `read_at`, `created_at`, `updated_at`) VALUES
('00d11e52-7f06-466b-a6e5-f961b6fd3b70', 'MBarlow\\Megaphone\\Types\\Important', 'App\\Models\\User', '5f316b2c-fff2-42b4-a740-69d8c873a03c', '{\"title\":\"Notifikasi!\",\"body\":\"Admin membalas chat anda pada tiket #71fcd65e\",\"link\":\"http:\\/\\/sulbar.web.bps.go.id\\/itvalet\\/layanan-ti\\/permintaan\\/diskuksi\\/71fcd65e-0161-414a-a1d1-19b7b295ecb3\",\"linkText\":\"\"}', NULL, '2023-12-18 18:47:56', '2023-12-18 18:47:56'),
('0415b83e-5ff6-4f98-ac5a-3b934334bc02', 'MBarlow\\Megaphone\\Types\\Important', 'App\\Models\\User', '1b4e7c03-7336-4b9c-9bd7-d13d1c8de4f0', '{\"title\":\"Notifikasi!\",\"body\":\"Admin membalas chat anda pada tiket #ea76a50d\",\"link\":\"http:\\/\\/sulbar.web.bps.go.id\\/itvalet\\/layanan-ti\\/permintaan\\/diskuksi\\/ea76a50d-5551-4794-b39b-ee8ce75428ed\",\"linkText\":\"\"}', NULL, '2023-12-04 23:55:49', '2023-12-04 23:55:49'),
('056264fc-35af-466e-8f8c-eb390d4a15fd', 'MBarlow\\Megaphone\\Types\\Important', 'App\\Models\\User', '2e034053-7883-4738-8836-a1dab1e5fa9d', '{\"title\":\"Notifikasi\",\"body\":\"Pengajuan pemeliharaan tiket #7d3ece9d disetujui.\",\"link\":\"http:\\/\\/sulbar.web.bps.go.id\\/itvalet\\/perangkat-ti\\/pemeliharaan\",\"linkText\":\"\"}', '2023-11-17 00:23:32', '2023-11-17 00:13:02', '2023-11-17 00:23:32'),
('07759a47-b588-4c75-be98-27228c2273c8', 'MBarlow\\Megaphone\\Types\\Important', 'App\\Models\\User', 'd2569596-43f4-4c7d-9d74-500ac8a68a55', '{\"title\":\"Notifikasi!\",\"body\":\"Admin membalas chat anda pada tiket #3a420b42\",\"link\":\"http:\\/\\/sulbar.web.bps.go.id\\/itvalet\\/layanan-ti\\/permintaan\\/diskuksi\\/3a420b42-a8ae-4f81-b7e1-2813888d0841\",\"linkText\":\"\"}', NULL, '2023-11-17 02:41:22', '2023-11-17 02:41:22'),
('07f33f0d-da21-4491-889d-e1d3a7461ef0', 'MBarlow\\Megaphone\\Types\\Important', 'App\\Models\\User', '1b4e7c03-7336-4b9c-9bd7-d13d1c8de4f0', '{\"title\":\"Notifikasi!\",\"body\":\"Admin membalas chat anda pada tiket #ea76a50d\",\"link\":\"http:\\/\\/sulbar.web.bps.go.id\\/itvalet\\/layanan-ti\\/permintaan\\/diskuksi\\/ea76a50d-5551-4794-b39b-ee8ce75428ed\",\"linkText\":\"\"}', NULL, '2023-12-04 23:55:17', '2023-12-04 23:55:17'),
('0a9bfee2-a5f7-429d-83f0-d102e8e2f92e', 'MBarlow\\Megaphone\\Types\\Important', 'App\\Models\\User', '2e034053-7883-4738-8836-a1dab1e5fa9d', '{\"title\":\"Notifikasi\",\"body\":\"Pengajuan pemeliharaan tiket #890a2fe3 disetujui.\",\"link\":\"http:\\/\\/sulbar.web.bps.go.id\\/itvalet\\/perangkat-ti\\/pemeliharaan\",\"linkText\":\"\"}', '2023-12-09 03:47:41', '2023-11-23 00:24:33', '2023-12-09 03:47:41'),
('0b5603a8-e45a-4253-8f49-19099fb348ac', 'MBarlow\\Megaphone\\Types\\Important', 'App\\Models\\User', '2e034053-7883-4738-8836-a1dab1e5fa9d', '{\"title\":\"Notifikasi\",\"body\":\"Pengajuan pemeliharaan tiket #3e4c739e disetujui.\",\"link\":\"http:\\/\\/sulbar.web.bps.go.id\\/itvalet\\/perangkat-ti\\/pemeliharaan\",\"linkText\":\"\"}', '2023-11-24 00:27:04', '2023-11-23 00:26:18', '2023-11-24 00:27:04'),
('1e62c5cd-a2f0-4c2a-bd26-a4c0869ed368', 'MBarlow\\Megaphone\\Types\\Important', 'App\\Models\\User', 'e01199b2-1925-4282-b947-335c11986492', '{\"title\":\"Notifikasi!\",\"body\":\"Admin membalas chat anda pada tiket #b663a9f5\",\"link\":\"http:\\/\\/sulbar.web.bps.go.id\\/itvalet\\/layanan-ti\\/permintaan\\/diskuksi\\/b663a9f5-5c4b-48aa-b287-2eba62f4bf56\",\"linkText\":\"\"}', NULL, '2023-12-04 23:54:24', '2023-12-04 23:54:24'),
('1f4c5605-4147-410d-975f-d9d0b9a86985', 'MBarlow\\Megaphone\\Types\\Important', 'App\\Models\\User', '2e034053-7883-4738-8836-a1dab1e5fa9d', '{\"title\":\"Notifikasi\",\"body\":\"Pengajuan pemeliharaan tiket #f8955b1a disetujui.\",\"link\":\"http:\\/\\/sulbar.web.bps.go.id\\/itvalet\\/perangkat-ti\\/pemeliharaan\",\"linkText\":\"\"}', '2023-12-09 03:47:49', '2023-11-23 00:24:28', '2023-12-09 03:47:49'),
('20a8dc8c-f955-4979-84db-96a7dcd9ba5e', 'MBarlow\\Megaphone\\Types\\Important', 'App\\Models\\User', '2e034053-7883-4738-8836-a1dab1e5fa9d', '{\"title\":\"Notifikasi\",\"body\":\"Pengajuan pemeliharaan tiket #5b6f28f2 disetujui.\",\"link\":\"http:\\/\\/sulbar.web.bps.go.id\\/itvalet\\/perangkat-ti\\/pemeliharaan\",\"linkText\":\"\"}', '2023-12-09 03:47:23', '2023-11-23 00:25:00', '2023-12-09 03:47:23'),
('2400399b-a390-4f70-ad14-815dff00d839', 'MBarlow\\Megaphone\\Types\\Important', 'App\\Models\\User', 'd2569596-43f4-4c7d-9d74-500ac8a68a55', '{\"title\":\"Notifikasi!\",\"body\":\"Admin membalas chat anda pada tiket #3a420b42\",\"link\":\"http:\\/\\/sulbar.web.bps.go.id\\/itvalet\\/layanan-ti\\/permintaan\\/diskuksi\\/3a420b42-a8ae-4f81-b7e1-2813888d0841\",\"linkText\":\"\"}', NULL, '2023-11-16 19:57:57', '2023-11-16 19:57:57'),
('2438ee4f-5dc2-442b-b165-8950b99b5bc9', 'MBarlow\\Megaphone\\Types\\Important', 'App\\Models\\User', '2e034053-7883-4738-8836-a1dab1e5fa9d', '{\"title\":\"Notifikasi\",\"body\":\"Pengajuan pemeliharaan tiket #38b52a51 disetujui.\",\"link\":\"http:\\/\\/sulbar.web.bps.go.id\\/itvalet\\/perangkat-ti\\/pemeliharaan\",\"linkText\":\"\"}', '2023-11-24 05:14:46', '2023-11-23 00:26:06', '2023-11-24 05:14:46'),
('2c8a6fc8-34aa-4366-993d-010f8f6aa0ed', 'MBarlow\\Megaphone\\Types\\Important', 'App\\Models\\User', '2e034053-7883-4738-8836-a1dab1e5fa9d', '{\"title\":\"Notifikasi\",\"body\":\"Pengajuan pemeliharaan tiket #7d3ece9d disetujui.\",\"link\":\"http:\\/\\/sulbar.web.bps.go.id\\/itvalet\\/perangkat-ti\\/pemeliharaan\",\"linkText\":\"\"}', '2023-11-24 05:16:20', '2023-11-23 00:25:38', '2023-11-24 05:16:20'),
('342e9f14-bf22-4efc-8249-5e6b687d21d6', 'MBarlow\\Megaphone\\Types\\Important', 'App\\Models\\User', '21a7c831-a9eb-4631-8fe2-99ab08a1f69a', '{\"title\":\"Notifikasi!\",\"body\":\"Admin membalas chat anda pada tiket #6173be7a\",\"link\":\"http:\\/\\/sulbar.web.bps.go.id\\/itvalet\\/layanan-ti\\/permintaan\\/diskuksi\\/6173be7a-0bda-4a9c-ade5-8634aae72fe8\",\"linkText\":\"\"}', NULL, '2023-11-19 19:15:25', '2023-11-19 19:15:25'),
('34b3d2e5-9d83-408b-9a03-1e68b61e1089', 'MBarlow\\Megaphone\\Types\\Important', 'App\\Models\\User', '2e034053-7883-4738-8836-a1dab1e5fa9d', '{\"title\":\"Notifikasi\",\"body\":\"Pengajuan pemeliharaan tiket #0e0cfc01 disetujui.\",\"link\":\"http:\\/\\/sulbar.web.bps.go.id\\/itvalet\\/perangkat-ti\\/pemeliharaan\",\"linkText\":\"\"}', '2023-11-24 00:27:00', '2023-11-23 00:26:24', '2023-11-24 00:27:00'),
('4157bd96-bb20-4746-a48f-eabcc6ca29be', 'MBarlow\\Megaphone\\Types\\Important', 'App\\Models\\User', '2e034053-7883-4738-8836-a1dab1e5fa9d', '{\"title\":\"Notifikasi\",\"body\":\"Pengajuan pemeliharaan tiket #4048e002 disetujui.\",\"link\":\"http:\\/\\/sulbar.web.bps.go.id\\/itvalet\\/perangkat-ti\\/pemeliharaan\",\"linkText\":\"\"}', '2023-11-24 05:15:01', '2023-11-23 00:25:53', '2023-11-24 05:15:01'),
('4629e4b8-bac1-467b-aa79-aaacfbe761fa', 'MBarlow\\Megaphone\\Types\\Important', 'App\\Models\\User', '2e034053-7883-4738-8836-a1dab1e5fa9d', '{\"title\":\"Notifikasi\",\"body\":\"Pengajuan pemeliharaan tiket #6b06e5bd disetujui.\",\"link\":\"http:\\/\\/sulbar.web.bps.go.id\\/itvalet\\/perangkat-ti\\/pemeliharaan\",\"linkText\":\"\"}', '2023-11-24 00:27:09', '2023-11-23 00:26:14', '2023-11-24 00:27:09'),
('52f50fa9-f264-448a-86cf-ca09339295b5', 'MBarlow\\Megaphone\\Types\\Important', 'App\\Models\\User', '2e034053-7883-4738-8836-a1dab1e5fa9d', '{\"title\":\"Notifikasi!\",\"body\":\"Admin membalas chat anda pada tiket #5f3a79bc\",\"link\":\"http:\\/\\/sulbar.web.bps.go.id\\/itvalet\\/layanan-ti\\/permintaan\\/diskuksi\\/5f3a79bc-89e3-43de-8139-7b973f74e5fd\",\"linkText\":\"\"}', '2024-06-11 20:18:42', '2024-06-06 23:48:12', '2024-06-11 20:18:42'),
('5433c84e-ec43-4a95-823a-626585b48d2c', 'MBarlow\\Megaphone\\Types\\Important', 'App\\Models\\User', '2e034053-7883-4738-8836-a1dab1e5fa9d', '{\"title\":\"Notifikasi\",\"body\":\"Pengajuan pemeliharaan tiket #98b63c27 disetujui.\",\"link\":\"http:\\/\\/sulbar.web.bps.go.id\\/itvalet\\/perangkat-ti\\/pemeliharaan\",\"linkText\":\"\"}', '2023-12-09 03:47:39', '2023-11-23 00:24:41', '2023-12-09 03:47:39'),
('59653d08-7cfb-4894-8606-b5d4dbc04650', 'MBarlow\\Megaphone\\Types\\Important', 'App\\Models\\User', '2e034053-7883-4738-8836-a1dab1e5fa9d', '{\"title\":\"Notifikasi\",\"body\":\"Pengajuan pemeliharaan tiket #92226073 disetujui.\",\"link\":\"http:\\/\\/sulbar.web.bps.go.id\\/itvalet\\/perangkat-ti\\/pemeliharaan\",\"linkText\":\"\"}', '2023-11-17 00:46:22', '2023-11-17 00:12:59', '2023-11-17 00:46:22'),
('615a18cf-2167-42de-90fe-ffa690b205e2', 'MBarlow\\Megaphone\\Types\\Important', 'App\\Models\\User', '2e034053-7883-4738-8836-a1dab1e5fa9d', '{\"title\":\"Notifikasi\",\"body\":\"Pengajuan pemeliharaan tiket #5ad6d556 disetujui.\",\"link\":\"http:\\/\\/sulbar.web.bps.go.id\\/itvalet\\/perangkat-ti\\/pemeliharaan\",\"linkText\":\"\"}', '2023-11-20 04:09:54', '2023-11-20 00:51:23', '2023-11-20 04:09:54'),
('719df6e3-b4a3-4117-9857-9b6a8595f3c5', 'MBarlow\\Megaphone\\Types\\Important', 'App\\Models\\User', 'd2569596-43f4-4c7d-9d74-500ac8a68a55', '{\"title\":\"Notifikasi!\",\"body\":\"Admin membalas chat anda pada tiket #3a420b42\",\"link\":\"http:\\/\\/sulbar.web.bps.go.id\\/itvalet\\/layanan-ti\\/permintaan\\/diskuksi\\/3a420b42-a8ae-4f81-b7e1-2813888d0841\",\"linkText\":\"\"}', NULL, '2023-11-17 02:40:40', '2023-11-17 02:40:40'),
('79858dc8-c1c6-44d4-a04e-61462d5cef1f', 'MBarlow\\Megaphone\\Types\\Important', 'App\\Models\\User', '1b4e7c03-7336-4b9c-9bd7-d13d1c8de4f0', '{\"title\":\"Notifikasi!\",\"body\":\"Admin membalas chat anda pada tiket #379dc8e4\",\"link\":\"http:\\/\\/sulbar.web.bps.go.id\\/itvalet\\/layanan-ti\\/permintaan\\/diskuksi\\/379dc8e4-afe6-4581-aed2-f3ce533c4e90\",\"linkText\":\"\"}', NULL, '2023-12-18 00:25:17', '2023-12-18 00:25:17'),
('7e9964b5-0d50-4f10-a097-56eac8efbd51', 'MBarlow\\Megaphone\\Types\\Important', 'App\\Models\\User', '2e034053-7883-4738-8836-a1dab1e5fa9d', '{\"title\":\"Notifikasi\",\"body\":\"Pengajuan pemeliharaan tiket #f7c6434f disetujui.\",\"link\":\"http:\\/\\/sulbar.web.bps.go.id\\/itvalet\\/perangkat-ti\\/pemeliharaan\",\"linkText\":\"\"}', '2023-12-09 03:47:21', '2023-11-23 00:25:06', '2023-12-09 03:47:21'),
('80f77c09-f2c1-416b-ac8f-46620f09e3a1', 'MBarlow\\Megaphone\\Types\\Important', 'App\\Models\\User', '2e034053-7883-4738-8836-a1dab1e5fa9d', '{\"title\":\"Notifikasi\",\"body\":\"Pengajuan pemeliharaan tiket #5c4c62d4 disetujui.\",\"link\":\"http:\\/\\/sulbar.web.bps.go.id\\/itvalet\\/perangkat-ti\\/pemeliharaan\",\"linkText\":\"\"}', '2024-06-11 20:14:23', '2024-06-07 00:08:02', '2024-06-11 20:14:23'),
('8cc6cd9b-34d9-4e36-bcc7-f7fb7615aaaf', 'MBarlow\\Megaphone\\Types\\Important', 'App\\Models\\User', 'e01199b2-1925-4282-b947-335c11986492', '{\"title\":\"Notifikasi!\",\"body\":\"Admin membalas chat anda pada tiket #b663a9f5\",\"link\":\"http:\\/\\/sulbar.web.bps.go.id\\/itvalet\\/layanan-ti\\/permintaan\\/diskuksi\\/b663a9f5-5c4b-48aa-b287-2eba62f4bf56\",\"linkText\":\"\"}', NULL, '2023-12-04 23:53:11', '2023-12-04 23:53:11'),
('a14afca5-793b-47d2-89c4-e7b84fa225e7', 'MBarlow\\Megaphone\\Types\\Important', 'App\\Models\\User', '2e034053-7883-4738-8836-a1dab1e5fa9d', '{\"title\":\"Notifikasi!\",\"body\":\"Admin membalas chat anda pada tiket #5f3a79bc\",\"link\":\"http:\\/\\/sulbar.web.bps.go.id\\/itvalet\\/layanan-ti\\/permintaan\\/diskuksi\\/5f3a79bc-89e3-43de-8139-7b973f74e5fd\",\"linkText\":\"\"}', '2024-06-11 20:18:45', '2024-06-06 23:47:35', '2024-06-11 20:18:45'),
('a1800ba6-eb8e-454f-a52a-4a873c585c07', 'MBarlow\\Megaphone\\Types\\Important', 'App\\Models\\User', '6e6fbf46-87fd-4afe-a9a0-d3b018213817', '{\"title\":\"Notifikasi!\",\"body\":\"Admin membalas chat anda pada tiket #8c97f934\",\"link\":\"http:\\/\\/sulbar.web.bps.go.id\\/itvalet\\/layanan-ti\\/permintaan\\/diskuksi\\/8c97f934-1922-469c-80d6-2c6a4eb5c987\",\"linkText\":\"\"}', NULL, '2024-06-07 00:05:00', '2024-06-07 00:05:00'),
('aa302082-9b3f-4eb5-a470-de9a276a4dc4', 'MBarlow\\Megaphone\\Types\\Important', 'App\\Models\\User', '21a7c831-a9eb-4631-8fe2-99ab08a1f69a', '{\"title\":\"Notifikasi!\",\"body\":\"Admin membalas chat anda pada tiket #6173be7a\",\"link\":\"http:\\/\\/sulbar.web.bps.go.id\\/itvalet\\/layanan-ti\\/permintaan\\/diskuksi\\/6173be7a-0bda-4a9c-ade5-8634aae72fe8\",\"linkText\":\"\"}', NULL, '2023-11-19 19:18:15', '2023-11-19 19:18:15'),
('aaaa0899-aee9-4aaa-94ea-cc3ae3fda472', 'MBarlow\\Megaphone\\Types\\Important', 'App\\Models\\User', '2e034053-7883-4738-8836-a1dab1e5fa9d', '{\"title\":\"Notifikasi!\",\"body\":\"Eva Resvani S.Psi. membalas chat anda pada tiket #3a420b42\",\"link\":\"http:\\/\\/sulbar.web.bps.go.id\\/itvalet\\/layanan-ti\\/permintaan\\/diskuksi\\/3a420b42-a8ae-4f81-b7e1-2813888d0841\",\"linkText\":\"\"}', '2023-11-16 22:27:45', '2023-11-16 19:58:18', '2023-11-16 22:27:45'),
('b1939665-e4a4-44c5-86b2-975f3f1d9b8f', 'MBarlow\\Megaphone\\Types\\Important', 'App\\Models\\User', '2e034053-7883-4738-8836-a1dab1e5fa9d', '{\"title\":\"Notifikasi\",\"body\":\"Pengajuan pemeliharaan tiket #c331d075 disetujui.\",\"link\":\"http:\\/\\/sulbar.web.bps.go.id\\/itvalet\\/perangkat-ti\\/pemeliharaan\",\"linkText\":\"\"}', '2023-12-09 03:47:13', '2023-11-23 00:25:15', '2023-12-09 03:47:13'),
('b20b04a0-53db-43d6-90f0-6827c6af46f2', 'MBarlow\\Megaphone\\Types\\Important', 'App\\Models\\User', '2e034053-7883-4738-8836-a1dab1e5fa9d', '{\"title\":\"Notifikasi\",\"body\":\"Pengajuan pemeliharaan tiket #5ad6d556 disetujui.\",\"link\":\"http:\\/\\/sulbar.web.bps.go.id\\/itvalet\\/perangkat-ti\\/pemeliharaan\",\"linkText\":\"\"}', '2023-11-17 00:46:26', '2023-11-17 00:12:54', '2023-11-17 00:46:26'),
('c4da82cf-c65e-4e15-8efc-037f826cce71', 'MBarlow\\Megaphone\\Types\\Important', 'App\\Models\\User', '2e034053-7883-4738-8836-a1dab1e5fa9d', '{\"title\":\"Notifikasi!\",\"body\":\"Eva Resvani S.Psi. membalas chat anda pada tiket #3a420b42\",\"link\":\"http:\\/\\/sulbar.web.bps.go.id\\/itvalet\\/layanan-ti\\/permintaan\\/diskuksi\\/3a420b42-a8ae-4f81-b7e1-2813888d0841\",\"linkText\":\"\"}', '2023-11-16 20:20:48', '2023-11-16 20:01:53', '2023-11-16 20:20:48'),
('c654c589-f0cc-4d69-88c1-0373d281cefc', 'MBarlow\\Megaphone\\Types\\Important', 'App\\Models\\User', '2e034053-7883-4738-8836-a1dab1e5fa9d', '{\"title\":\"Notifikasi\",\"body\":\"Pengajuan pemeliharaan tiket #962efc9f disetujui.\",\"link\":\"http:\\/\\/sulbar.web.bps.go.id\\/itvalet\\/perangkat-ti\\/pemeliharaan\",\"linkText\":\"\"}', '2023-12-09 03:47:06', '2023-11-23 00:25:18', '2023-12-09 03:47:06'),
('cc1f0fa1-8cfd-4ee9-bf64-eb84f8d548f6', 'MBarlow\\Megaphone\\Types\\Important', 'App\\Models\\User', '2e034053-7883-4738-8836-a1dab1e5fa9d', '{\"title\":\"Notifikasi\",\"body\":\"Pengajuan pemeliharaan tiket #92226073 disetujui.\",\"link\":\"http:\\/\\/sulbar.web.bps.go.id\\/itvalet\\/perangkat-ti\\/pemeliharaan\",\"linkText\":\"\"}', '2023-11-24 05:16:24', '2023-11-23 00:25:28', '2023-11-24 05:16:24'),
('cc532c52-17de-4a91-8b6c-7f7f5db5d599', 'MBarlow\\Megaphone\\Types\\Important', 'App\\Models\\User', '2e034053-7883-4738-8836-a1dab1e5fa9d', '{\"title\":\"Notifikasi\",\"body\":\"Pengajuan pemeliharaan tiket #b79d0192 disetujui.\",\"link\":\"http:\\/\\/sulbar.web.bps.go.id\\/itvalet\\/perangkat-ti\\/pemeliharaan\",\"linkText\":\"\"}', '2023-12-09 03:47:18', '2023-11-23 00:25:10', '2023-12-09 03:47:18'),
('cf9efce3-d9d7-4a67-bc8d-484af81133bd', 'MBarlow\\Megaphone\\Types\\Important', 'App\\Models\\User', '2e034053-7883-4738-8836-a1dab1e5fa9d', '{\"title\":\"Notifikasi\",\"body\":\"Pengajuan pemeliharaan tiket #fd49087f disetujui.\",\"link\":\"http:\\/\\/sulbar.web.bps.go.id\\/itvalet\\/perangkat-ti\\/pemeliharaan\",\"linkText\":\"\"}', '2023-12-09 03:47:36', '2023-11-23 00:24:49', '2023-12-09 03:47:36'),
('d3bf7609-cdf9-4eb8-9c00-65340dbb51a5', 'MBarlow\\Megaphone\\Types\\Important', 'App\\Models\\User', '5f316b2c-fff2-42b4-a740-69d8c873a03c', '{\"title\":\"Notifikasi!\",\"body\":\"Admin membalas chat anda pada tiket #71fcd65e\",\"link\":\"http:\\/\\/sulbar.web.bps.go.id\\/itvalet\\/layanan-ti\\/permintaan\\/diskuksi\\/71fcd65e-0161-414a-a1d1-19b7b295ecb3\",\"linkText\":\"\"}', NULL, '2023-12-18 18:48:30', '2023-12-18 18:48:30'),
('d5d2b047-d626-4a57-90e4-479c8c8d6fd5', 'MBarlow\\Megaphone\\Types\\Important', 'App\\Models\\User', 'd2569596-43f4-4c7d-9d74-500ac8a68a55', '{\"title\":\"Notifikasi!\",\"body\":\"Admin membalas chat anda pada tiket #3a420b42\",\"link\":\"http:\\/\\/sulbar.web.bps.go.id\\/itvalet\\/layanan-ti\\/permintaan\\/diskuksi\\/3a420b42-a8ae-4f81-b7e1-2813888d0841\",\"linkText\":\"\"}', NULL, '2023-11-16 20:03:10', '2023-11-16 20:03:10'),
('dbb72dc3-da82-4f10-8faa-0fe1de837090', 'MBarlow\\Megaphone\\Types\\Important', 'App\\Models\\User', '2e034053-7883-4738-8836-a1dab1e5fa9d', '{\"title\":\"Notifikasi\",\"body\":\"Pengajuan pemeliharaan tiket #d3312c39 disetujui.\",\"link\":\"http:\\/\\/sulbar.web.bps.go.id\\/itvalet\\/perangkat-ti\\/pemeliharaan\",\"linkText\":\"\"}', '2023-11-24 05:16:16', '2023-11-23 00:25:49', '2023-11-24 05:16:16'),
('e67e346b-3021-4d4e-9fa2-5dd2b4495d55', 'MBarlow\\Megaphone\\Types\\Important', 'App\\Models\\User', '2e034053-7883-4738-8836-a1dab1e5fa9d', '{\"title\":\"Notifikasi\",\"body\":\"Pengajuan pemeliharaan tiket #7a16abfa disetujui.\",\"link\":\"http:\\/\\/sulbar.web.bps.go.id\\/itvalet\\/perangkat-ti\\/pemeliharaan\",\"linkText\":\"\"}', '2023-11-24 05:14:57', '2023-11-23 00:26:03', '2023-11-24 05:14:57'),
('eaf3278a-ae86-4e5b-8cfb-41c35908cc28', 'MBarlow\\Megaphone\\Types\\Important', 'App\\Models\\User', '1b4e7c03-7336-4b9c-9bd7-d13d1c8de4f0', '{\"title\":\"Notifikasi!\",\"body\":\"Admin membalas chat anda pada tiket #379dc8e4\",\"link\":\"http:\\/\\/sulbar.web.bps.go.id\\/itvalet\\/layanan-ti\\/permintaan\\/diskuksi\\/379dc8e4-afe6-4581-aed2-f3ce533c4e90\",\"linkText\":\"\"}', NULL, '2023-12-18 00:24:58', '2023-12-18 00:24:58'),
('f682bb6c-f600-49e7-bc61-6817c579489d', 'MBarlow\\Megaphone\\Types\\Important', 'App\\Models\\User', '2e034053-7883-4738-8836-a1dab1e5fa9d', '{\"title\":\"Notifikasi\",\"body\":\"Pengajuan pemeliharaan tiket #1feba057 disetujui.\",\"link\":\"http:\\/\\/sulbar.web.bps.go.id\\/itvalet\\/perangkat-ti\\/pemeliharaan\",\"linkText\":\"\"}', '2023-12-09 03:47:33', '2023-11-23 00:24:55', '2023-12-09 03:47:33'),
('fffbaf66-5f5d-4bd5-ad40-a3c27d2e1204', 'MBarlow\\Megaphone\\Types\\Important', 'App\\Models\\User', '2e034053-7883-4738-8836-a1dab1e5fa9d', '{\"title\":\"Notifikasi!\",\"body\":\"Eva Resvani S.Psi. membalas chat anda pada tiket #3a420b42\",\"link\":\"http:\\/\\/sulbar.web.bps.go.id\\/itvalet\\/layanan-ti\\/permintaan\\/diskuksi\\/3a420b42-a8ae-4f81-b7e1-2813888d0841\",\"linkText\":\"\"}', '2023-11-16 22:27:41', '2023-11-16 20:01:26', '2023-11-16 22:27:41');

-- --------------------------------------------------------

--
-- Table structure for table `password_resets`
--

CREATE TABLE `password_resets` (
  `email` varchar(191) CHARACTER SET utf8mb4 COLLATE utf8mb4_unicode_ci NOT NULL,
  `token` varchar(191) CHARACTER SET utf8mb4 COLLATE utf8mb4_unicode_ci NOT NULL,
  `created_at` timestamp NULL DEFAULT NULL
) ENGINE=InnoDB DEFAULT CHARSET=utf8mb4 COLLATE=utf8mb4_unicode_ci;

-- --------------------------------------------------------

--
-- Table structure for table `permissions`
--

CREATE TABLE `permissions` (
  `id` char(36) CHARACTER SET utf8mb4 COLLATE utf8mb4_unicode_ci NOT NULL,
  `name` varchar(191) CHARACTER SET utf8mb4 COLLATE utf8mb4_unicode_ci NOT NULL,
  `guard_name` varchar(191) CHARACTER SET utf8mb4 COLLATE utf8mb4_unicode_ci NOT NULL,
  `created_at` timestamp NULL DEFAULT NULL,
  `updated_at` timestamp NULL DEFAULT NULL
) ENGINE=InnoDB DEFAULT CHARSET=utf8mb4 COLLATE=utf8mb4_unicode_ci;

--
-- Dumping data for table `permissions`
--

INSERT INTO `permissions` (`id`, `name`, `guard_name`, `created_at`, `updated_at`) VALUES
('02ea7ae6-1691-4c73-a3db-e6d2e9fe19aa', 'update-device-state', 'web', '2023-11-01 22:51:41', '2023-11-01 22:51:41'),
('05a263fe-71bf-4636-a7e4-dfc46a856702', 'create-device', 'web', '2023-11-01 22:29:43', '2023-11-01 22:29:43'),
('0dd268a9-5b45-4006-919e-720443630f24', 'delete-device-state', 'web', '2023-11-01 22:51:46', '2023-11-01 22:51:46'),
('0e54afcf-1e29-4145-9388-4bf95a24b4a8', 'read-device', 'web', '2023-11-01 22:28:06', '2023-11-01 22:28:06'),
('11de28a1-4266-4717-afe4-21be75e199a9', 'update-device', 'web', '2023-11-01 22:24:42', '2023-11-01 22:24:42'),
('124c1d4b-3cbe-4d2c-8697-248af82c4dcc', 'delete-device', 'web', '2023-11-01 22:30:23', '2023-11-01 22:30:23'),
('1469cc7a-19db-4aac-bc95-3cc1db6ee683', 'update-device-maintenance', 'web', '2023-11-01 22:52:39', '2023-11-01 22:52:39'),
('183208bc-4bf1-42c9-89ec-0f8b14bae162', 'read-service', 'web', '2023-11-01 22:53:01', '2023-11-01 22:53:01'),
('2b603a74-2df3-4936-8261-190866bdff2d', 'read-device-maintenance', 'web', '2023-11-01 22:52:33', '2023-11-01 22:52:33'),
('7c94a98d-ba58-4c26-9bd0-1ae8d08c7eef', 'read-device-state', 'web', '2023-11-01 22:51:36', '2023-11-01 22:51:36'),
('81aeaccd-cc8c-41a1-ae78-53c8f3bd2398', 'update-service', 'web', '2023-11-01 22:53:05', '2023-11-01 22:53:05'),
('86516638-73dc-48e2-ac96-43a25e241198', 'create-device-maintenance', 'web', '2023-11-01 22:52:29', '2023-11-01 22:52:29'),
('88d43b3e-b66b-4911-9266-1da463091429', 'create-service', 'web', '2023-11-01 22:52:58', '2023-11-01 22:52:58'),
('a14f478d-82a0-11ee-b8b2-00505685664d', 'read-software', 'web', '2023-11-14 04:48:45', '2023-11-14 04:48:45'),
('a2f88206-9876-4df5-80bb-7d52d989fd97', 'delete-service', 'web', '2023-11-01 22:53:09', '2023-11-01 22:53:09'),
('aa6128db-82a0-11ee-b8b2-00505685664d', 'create-software', 'web', '2023-11-14 04:49:00', '2023-11-14 04:49:00'),
('b639080c-82a0-11ee-b8b2-00505685664d', 'update-software', 'web', '2023-11-14 04:49:17', '2023-11-14 04:49:17'),
('d782ff3e-84e5-46b4-8fff-3235c1fb8b24', 'delete-device-maintenance', 'web', '2023-11-01 22:52:45', '2023-11-01 22:52:45'),
('f2ace30b-2c98-45cd-b45a-a617e3918de0', 'create-device-state', 'web', '2023-11-01 22:51:16', '2023-11-01 22:51:16');

-- --------------------------------------------------------

--
-- Table structure for table `personal_access_tokens`
--

CREATE TABLE `personal_access_tokens` (
  `id` bigint UNSIGNED NOT NULL,
  `tokenable_type` varchar(255) CHARACTER SET utf8mb4 COLLATE utf8mb4_unicode_ci NOT NULL,
  `tokenable_id` bigint UNSIGNED NOT NULL,
  `name` varchar(255) CHARACTER SET utf8mb4 COLLATE utf8mb4_unicode_ci NOT NULL,
  `token` varchar(64) CHARACTER SET utf8mb4 COLLATE utf8mb4_unicode_ci NOT NULL,
  `abilities` text CHARACTER SET utf8mb4 COLLATE utf8mb4_unicode_ci,
  `last_used_at` timestamp NULL DEFAULT NULL,
  `expires_at` timestamp NULL DEFAULT NULL,
  `created_at` timestamp NULL DEFAULT NULL,
  `updated_at` timestamp NULL DEFAULT NULL
) ENGINE=InnoDB DEFAULT CHARSET=utf8mb4 COLLATE=utf8mb4_unicode_ci;

-- --------------------------------------------------------

--
-- Table structure for table `roles`
--

CREATE TABLE `roles` (
  `id` char(36) CHARACTER SET utf8mb4 COLLATE utf8mb4_unicode_ci NOT NULL,
  `name` varchar(191) CHARACTER SET utf8mb4 COLLATE utf8mb4_unicode_ci NOT NULL,
  `guard_name` varchar(191) CHARACTER SET utf8mb4 COLLATE utf8mb4_unicode_ci NOT NULL,
  `created_at` timestamp NULL DEFAULT NULL,
  `updated_at` timestamp NULL DEFAULT NULL
) ENGINE=InnoDB DEFAULT CHARSET=utf8mb4 COLLATE=utf8mb4_unicode_ci;

--
-- Dumping data for table `roles`
--

INSERT INTO `roles` (`id`, `name`, `guard_name`, `created_at`, `updated_at`) VALUES
('6f1717e3-9cc2-435b-9aba-6bcf8c83746a', 'admin', 'web', '2023-07-17 02:32:39', '2023-07-17 02:32:39'),
('725bcf55-4a4d-4192-86c4-de04630fdadf', 'barjas', 'web', '2023-11-16 23:52:17', '2023-11-16 23:52:17'),
('8e40806e-2b76-4b84-af0a-2e77941723d9', 'user', 'web', '2023-11-03 16:20:55', '2023-11-03 16:20:55'),
('a725a973-3c25-4dd6-924d-5ca2a240ea49', 'umum', 'web', '2023-07-17 02:32:39', '2023-07-17 02:32:39'),
('bb2a66f0-e350-4184-b719-c3d43f10f746', 'keuangan', 'web', '2023-11-16 22:59:49', '2023-11-16 22:59:49');

-- --------------------------------------------------------

--
-- Table structure for table `role_has_permissions`
--

CREATE TABLE `role_has_permissions` (
  `permission_id` char(36) CHARACTER SET utf8mb4 COLLATE utf8mb4_unicode_ci NOT NULL,
  `role_id` char(36) CHARACTER SET utf8mb4 COLLATE utf8mb4_unicode_ci NOT NULL
) ENGINE=InnoDB DEFAULT CHARSET=utf8mb4 COLLATE=utf8mb4_unicode_ci;

--
-- Dumping data for table `role_has_permissions`
--

INSERT INTO `role_has_permissions` (`permission_id`, `role_id`) VALUES
('02ea7ae6-1691-4c73-a3db-e6d2e9fe19aa', '6f1717e3-9cc2-435b-9aba-6bcf8c83746a'),
('05a263fe-71bf-4636-a7e4-dfc46a856702', '6f1717e3-9cc2-435b-9aba-6bcf8c83746a'),
('0dd268a9-5b45-4006-919e-720443630f24', '6f1717e3-9cc2-435b-9aba-6bcf8c83746a'),
('0e54afcf-1e29-4145-9388-4bf95a24b4a8', '6f1717e3-9cc2-435b-9aba-6bcf8c83746a'),
('11de28a1-4266-4717-afe4-21be75e199a9', '6f1717e3-9cc2-435b-9aba-6bcf8c83746a'),
('124c1d4b-3cbe-4d2c-8697-248af82c4dcc', '6f1717e3-9cc2-435b-9aba-6bcf8c83746a'),
('1469cc7a-19db-4aac-bc95-3cc1db6ee683', '6f1717e3-9cc2-435b-9aba-6bcf8c83746a'),
('183208bc-4bf1-42c9-89ec-0f8b14bae162', '6f1717e3-9cc2-435b-9aba-6bcf8c83746a'),
('2b603a74-2df3-4936-8261-190866bdff2d', '6f1717e3-9cc2-435b-9aba-6bcf8c83746a'),
('7c94a98d-ba58-4c26-9bd0-1ae8d08c7eef', '6f1717e3-9cc2-435b-9aba-6bcf8c83746a'),
('81aeaccd-cc8c-41a1-ae78-53c8f3bd2398', '6f1717e3-9cc2-435b-9aba-6bcf8c83746a'),
('86516638-73dc-48e2-ac96-43a25e241198', '6f1717e3-9cc2-435b-9aba-6bcf8c83746a'),
('88d43b3e-b66b-4911-9266-1da463091429', '6f1717e3-9cc2-435b-9aba-6bcf8c83746a'),
('a14f478d-82a0-11ee-b8b2-00505685664d', '6f1717e3-9cc2-435b-9aba-6bcf8c83746a'),
('a2f88206-9876-4df5-80bb-7d52d989fd97', '6f1717e3-9cc2-435b-9aba-6bcf8c83746a'),
('aa6128db-82a0-11ee-b8b2-00505685664d', '6f1717e3-9cc2-435b-9aba-6bcf8c83746a'),
('b639080c-82a0-11ee-b8b2-00505685664d', '6f1717e3-9cc2-435b-9aba-6bcf8c83746a'),
('d782ff3e-84e5-46b4-8fff-3235c1fb8b24', '6f1717e3-9cc2-435b-9aba-6bcf8c83746a'),
('f2ace30b-2c98-45cd-b45a-a617e3918de0', '6f1717e3-9cc2-435b-9aba-6bcf8c83746a'),
('2b603a74-2df3-4936-8261-190866bdff2d', '725bcf55-4a4d-4192-86c4-de04630fdadf'),
('a14f478d-82a0-11ee-b8b2-00505685664d', '725bcf55-4a4d-4192-86c4-de04630fdadf'),
('a14f478d-82a0-11ee-b8b2-00505685664d', '8e40806e-2b76-4b84-af0a-2e77941723d9'),
('02ea7ae6-1691-4c73-a3db-e6d2e9fe19aa', 'a725a973-3c25-4dd6-924d-5ca2a240ea49'),
('0e54afcf-1e29-4145-9388-4bf95a24b4a8', 'a725a973-3c25-4dd6-924d-5ca2a240ea49'),
('7c94a98d-ba58-4c26-9bd0-1ae8d08c7eef', 'a725a973-3c25-4dd6-924d-5ca2a240ea49'),
('a14f478d-82a0-11ee-b8b2-00505685664d', 'a725a973-3c25-4dd6-924d-5ca2a240ea49'),
('2b603a74-2df3-4936-8261-190866bdff2d', 'bb2a66f0-e350-4184-b719-c3d43f10f746'),
('a14f478d-82a0-11ee-b8b2-00505685664d', 'bb2a66f0-e350-4184-b719-c3d43f10f746');

-- --------------------------------------------------------

--
-- Table structure for table `service_comments`
--

CREATE TABLE `service_comments` (
  `id` bigint UNSIGNED NOT NULL,
  `request_id` varchar(191) CHARACTER SET utf8mb4 COLLATE utf8mb4_unicode_ci NOT NULL,
  `user_id` varchar(191) CHARACTER SET utf8mb4 COLLATE utf8mb4_unicode_ci NOT NULL,
  `comment` text CHARACTER SET utf8mb4 COLLATE utf8mb4_unicode_ci NOT NULL,
  `created_at` timestamp NULL DEFAULT NULL,
  `updated_at` timestamp NULL DEFAULT NULL
) ENGINE=InnoDB DEFAULT CHARSET=utf8mb4 COLLATE=utf8mb4_unicode_ci;

--
-- Dumping data for table `service_comments`
--

INSERT INTO `service_comments` (`id`, `request_id`, `user_id`, `comment`, `created_at`, `updated_at`) VALUES
(5, '3a420b42-a8ae-4f81-b7e1-2813888d0841', '2e034053-7883-4738-8836-a1dab1e5fa9d', 'Diproses', '2023-11-16 19:57:57', '2023-11-16 19:57:57'),
(6, '3a420b42-a8ae-4f81-b7e1-2813888d0841', 'd2569596-43f4-4c7d-9d74-500ac8a68a55', 'Ok Ipul ditunggu', '2023-11-16 19:58:18', '2023-11-16 19:58:18'),
(7, '3a420b42-a8ae-4f81-b7e1-2813888d0841', 'd2569596-43f4-4c7d-9d74-500ac8a68a55', 'Ipul sekalian spekernya di\' rusak Ki juga cempreng suaranya tapi kalau ', '2023-11-16 20:01:26', '2023-11-16 20:01:26'),
(8, '3a420b42-a8ae-4f81-b7e1-2813888d0841', 'd2569596-43f4-4c7d-9d74-500ac8a68a55', 'Pake headset suara TDk ada keluar', '2023-11-16 20:01:53', '2023-11-16 20:01:53'),
(9, '3a420b42-a8ae-4f81-b7e1-2813888d0841', '2e034053-7883-4738-8836-a1dab1e5fa9d', 'ie, diakomodir', '2023-11-16 20:03:10', '2023-11-16 20:03:10'),
(10, '3a420b42-a8ae-4f81-b7e1-2813888d0841', '2e034053-7883-4738-8836-a1dab1e5fa9d', 'laptopta sudah diajukan pemeliharaan, menunggu konfirmasi dari keuangan.', '2023-11-17 02:40:40', '2023-11-17 02:40:40'),
(11, '3a420b42-a8ae-4f81-b7e1-2813888d0841', '2e034053-7883-4738-8836-a1dab1e5fa9d', 'tiket saya tutup kk, bisaki pantau progress pemeliharaan dari dashboard', '2023-11-17 02:41:22', '2023-11-17 02:41:22'),
(12, '6173be7a-0bda-4a9c-ade5-8634aae72fe8', '2e034053-7883-4738-8836-a1dab1e5fa9d', 'baik, diproses, mohon menunggu', '2023-11-19 19:15:25', '2023-11-19 19:15:25'),
(13, '6173be7a-0bda-4a9c-ade5-8634aae72fe8', '2e034053-7883-4738-8836-a1dab1e5fa9d', 'sudah terkoneksi, tiket ini ditutup bu', '2023-11-19 19:18:15', '2023-11-19 19:18:15'),
(14, 'b663a9f5-5c4b-48aa-b287-2eba62f4bf56', '2e034053-7883-4738-8836-a1dab1e5fa9d', 'baik, sedang dilakukan pengecekan', '2023-12-04 23:53:11', '2023-12-04 23:53:11'),
(15, 'b663a9f5-5c4b-48aa-b287-2eba62f4bf56', '2e034053-7883-4738-8836-a1dab1e5fa9d', 'belum ditemukan penyebab perangkat tidak bisa tersambung ke internet, tp solusi sementara dilakukan bypass otentikasi perangkat', '2023-12-04 23:54:24', '2023-12-04 23:54:24'),
(16, 'ea76a50d-5551-4794-b39b-ee8ce75428ed', '2e034053-7883-4738-8836-a1dab1e5fa9d', 'baik, akan dilakukan pengecekan', '2023-12-04 23:55:17', '2023-12-04 23:55:17'),
(17, 'ea76a50d-5551-4794-b39b-ee8ce75428ed', '2e034053-7883-4738-8836-a1dab1e5fa9d', 'permasalahan ada pada konektor kabel pada switch yang longgar', '2023-12-04 23:55:49', '2023-12-04 23:55:49'),
(18, '379dc8e4-afe6-4581-aed2-f3ce533c4e90', '2e034053-7883-4738-8836-a1dab1e5fa9d', 'Siap dicek!', '2023-12-18 00:24:57', '2023-12-18 00:24:57'),
(19, '379dc8e4-afe6-4581-aed2-f3ce533c4e90', '2e034053-7883-4738-8836-a1dab1e5fa9d', 'Tiket ditutup karena sudah solved ya', '2023-12-18 00:25:17', '2023-12-18 00:25:17'),
(20, '71fcd65e-0161-414a-a1d1-19b7b295ecb3', '2e034053-7883-4738-8836-a1dab1e5fa9d', 'PC sedang dicek', '2023-12-18 18:47:56', '2023-12-18 18:47:56'),
(21, '71fcd65e-0161-414a-a1d1-19b7b295ecb3', '2e034053-7883-4738-8836-a1dab1e5fa9d', 'PC sdh bisa digunakan kembali', '2023-12-18 18:48:30', '2023-12-18 18:48:30'),
(22, '5f3a79bc-89e3-43de-8139-7b973f74e5fd', '2e034053-7883-4738-8836-a1dab1e5fa9d', 'mohon diperjelas jenis kerusakannya', '2024-06-06 23:47:35', '2024-06-06 23:47:35'),
(23, '5f3a79bc-89e3-43de-8139-7b973f74e5fd', '2e034053-7883-4738-8836-a1dab1e5fa9d', 'baik sudah saya selesaikan', '2024-06-06 23:48:12', '2024-06-06 23:48:12'),
(24, '8c97f934-1922-469c-80d6-2c6a4eb5c987', '2e034053-7883-4738-8836-a1dab1e5fa9d', 'baik, akan diperiksa', '2024-06-07 00:05:00', '2024-06-07 00:05:00'),
(26, '92124807-4dff-4a2f-ac7e-17eab1bff914', '2e034053-7883-4738-8836-a1dab1e5fa9d', 'Permintaan anda sedang di proses.', '2024-07-01 23:10:10', '2024-07-01 23:10:10'),
(27, '379dc8e4-afe6-4581-aed2-f3ce533c4e90', '2e034053-7883-4738-8836-a1dab1e5fa9d', 'Permintaan anda sedang di proses.', '2024-07-01 23:11:59', '2024-07-01 23:11:59'),
(28, '3a994d16-c73c-4f42-b1a6-4ca71690d9c8', '2e034053-7883-4738-8836-a1dab1e5fa9d', 'Permintaan anda sedang di proses.', '2024-07-01 23:21:04', '2024-07-01 23:21:04'),
(30, '6173be7a-0bda-4a9c-ade5-8634aae72fe8', '2e034053-7883-4738-8836-a1dab1e5fa9d', 'Permintaan anda sedang di proses.', '2024-07-06 14:33:35', '2024-07-06 14:33:35'),
(31, 'b663a9f5-5c4b-48aa-b287-2eba62f4bf56', '2e034053-7883-4738-8836-a1dab1e5fa9d', 'Permintaan anda sedang di proses.', '2024-07-06 14:33:58', '2024-07-06 14:33:58'),
(32, 'ea76a50d-5551-4794-b39b-ee8ce75428ed', '2e034053-7883-4738-8836-a1dab1e5fa9d', 'Permintaan anda sedang di proses.', '2024-07-06 14:34:16', '2024-07-06 14:34:16');

-- --------------------------------------------------------

--
-- Table structure for table `service_requests`
--

CREATE TABLE `service_requests` (
  `id` char(36) CHARACTER SET utf8mb4 COLLATE utf8mb4_unicode_ci NOT NULL,
  `user_id` varchar(191) CHARACTER SET utf8mb4 COLLATE utf8mb4_unicode_ci NOT NULL,
  `service_type_id` varchar(191) CHARACTER SET utf8mb4 COLLATE utf8mb4_unicode_ci NOT NULL,
  `device_id` varchar(191) CHARACTER SET utf8mb4 COLLATE utf8mb4_unicode_ci DEFAULT NULL,
  `summary` varchar(191) CHARACTER SET utf8mb4 COLLATE utf8mb4_unicode_ci NOT NULL,
  `description` text CHARACTER SET utf8mb4 COLLATE utf8mb4_unicode_ci NOT NULL,
  `attachment` varchar(191) CHARACTER SET utf8mb4 COLLATE utf8mb4_unicode_ci DEFAULT NULL,
  `status` enum('menunggu','dijawab','ditutup','ditunda','spam') CHARACTER SET utf8mb4 COLLATE utf8mb4_unicode_ci NOT NULL,
  `maintenance_request` tinyint(1) DEFAULT NULL,
  `created_at` timestamp NULL DEFAULT NULL,
  `completed_at` timestamp NULL DEFAULT NULL
) ENGINE=InnoDB DEFAULT CHARSET=utf8mb4 COLLATE=utf8mb4_unicode_ci;

--
-- Dumping data for table `service_requests`
--

INSERT INTO `service_requests` (`id`, `user_id`, `service_type_id`, `device_id`, `summary`, `description`, `attachment`, `status`, `maintenance_request`, `created_at`, `completed_at`) VALUES
('379dc8e4-afe6-4581-aed2-f3ce533c4e90', '1b4e7c03-7336-4b9c-9bd7-d13d1c8de4f0', 'dec7e437-0005-495a-9472-517e75441a60', NULL, 'Internet PC Dell mati', '<div>PC Dell 3020 tiba-tiba mati internetnya saat dipakai</div>', NULL, 'ditutup', 0, '2023-12-18 00:23:36', '2024-07-07 04:43:52'),
('3a420b42-a8ae-4f81-b7e1-2813888d0841', 'd2569596-43f4-4c7d-9d74-500ac8a68a55', '038d0ee1-a909-4e20-88bf-be9ae75121af', 'dcb6dd4c-aaea-4257-a194-983ef05b4557', 'Perbaikan SSD laptop Lenovo ', '<div>SSD rusak dan audio jack tidak berfungsi</div>', NULL, 'ditutup', 1, '2023-11-16 20:25:41', '2023-12-13 02:59:42'),
('6173be7a-0bda-4a9c-ade5-8634aae72fe8', '21a7c831-a9eb-4631-8fe2-99ab08a1f69a', 'dec7e437-0005-495a-9472-517e75441a60', NULL, 'Wifi tidak konek', '<div>Laptop tidak terkoneksi dengan jaringan wifi</div>', NULL, 'ditutup', 0, '2023-11-19 19:15:07', '2024-07-06 14:33:48'),
('71fcd65e-0161-414a-a1d1-19b7b295ecb3', '5f316b2c-fff2-42b4-a740-69d8c873a03c', '038d0ee1-a909-4e20-88bf-be9ae75121af', NULL, 'PC Dell 3020 error booting hardisk', '<div>Saat booting hardisk tidak terdeteksi sehingga tidak bisa masuk ke windowsnya</div>', NULL, 'menunggu', NULL, '2023-12-18 18:38:45', '2023-12-18 18:48:33'),
('b663a9f5-5c4b-48aa-b287-2eba62f4bf56', 'e01199b2-1925-4282-b947-335c11986492', 'dec7e437-0005-495a-9472-517e75441a60', NULL, 'Wifi tidak konek ke HP ', '<div>Jaringan HP tidak bisa konek ke Wifi kantor</div>', NULL, 'ditutup', 0, '2023-12-04 23:52:48', '2024-07-06 14:34:31'),
('ea76a50d-5551-4794-b39b-ee8ce75428ed', '1b4e7c03-7336-4b9c-9bd7-d13d1c8de4f0', 'dec7e437-0005-495a-9472-517e75441a60', NULL, 'Internet PC tidak nyambung', '<div>Internet di pc putus tadi pagi masih bisa</div>', NULL, 'ditutup', 0, '2023-12-04 23:54:56', '2024-07-06 14:34:22');

-- --------------------------------------------------------

--
-- Table structure for table `service_types`
--

CREATE TABLE `service_types` (
  `id` char(36) CHARACTER SET utf8mb4 COLLATE utf8mb4_unicode_ci NOT NULL,
  `type` varchar(191) CHARACTER SET utf8mb4 COLLATE utf8mb4_unicode_ci NOT NULL,
  `created_at` timestamp NULL DEFAULT NULL,
  `updated_at` timestamp NULL DEFAULT NULL
) ENGINE=InnoDB DEFAULT CHARSET=utf8mb4 COLLATE=utf8mb4_unicode_ci;

--
-- Dumping data for table `service_types`
--

INSERT INTO `service_types` (`id`, `type`, `created_at`, `updated_at`) VALUES
('038d0ee1-a909-4e20-88bf-be9ae75121af', 'Perangkat Keras', '2023-07-17 02:34:11', '2023-07-17 02:34:11'),
('dec7e437-0005-495a-9472-517e75441a60', 'Koneksi Jaringan', '2023-07-17 02:33:58', '2023-07-17 02:33:58');

-- --------------------------------------------------------

--
-- Table structure for table `users`
--

CREATE TABLE `users` (
  `id` char(36) CHARACTER SET utf8mb4 COLLATE utf8mb4_unicode_ci NOT NULL,
  `name` varchar(100) CHARACTER SET utf8mb4 COLLATE utf8mb4_unicode_ci NOT NULL,
  `username` varchar(50) CHARACTER SET utf8mb4 COLLATE utf8mb4_unicode_ci DEFAULT NULL,
  `email` varchar(50) CHARACTER SET utf8mb4 COLLATE utf8mb4_unicode_ci DEFAULT NULL,
  `password` varchar(191) CHARACTER SET utf8mb4 COLLATE utf8mb4_unicode_ci DEFAULT NULL,
  `change_password` tinyint(1) NOT NULL DEFAULT '0',
  `remember_token` varchar(191) CHARACTER SET utf8mb4 COLLATE utf8mb4_unicode_ci DEFAULT NULL,
  `bps_id` varchar(9) CHARACTER SET utf8mb4 COLLATE utf8mb4_unicode_ci DEFAULT NULL,
  `employee_id` varchar(19) CHARACTER SET utf8mb4 COLLATE utf8mb4_unicode_ci DEFAULT NULL,
  `telegram_id` varchar(50) CHARACTER SET utf8mb4 COLLATE utf8mb4_unicode_ci DEFAULT NULL,
  `photo` varchar(191) CHARACTER SET utf8mb4 COLLATE utf8mb4_unicode_ci DEFAULT NULL,
  `type` enum('Perorangan','Ruangan') CHARACTER SET utf8mb4 COLLATE utf8mb4_unicode_ci NOT NULL,
  `created_at` timestamp NULL DEFAULT NULL,
  `updated_at` timestamp NULL DEFAULT NULL,
  `deleted_at` timestamp NULL DEFAULT NULL
) ENGINE=InnoDB DEFAULT CHARSET=utf8mb4 COLLATE=utf8mb4_unicode_ci;

--
-- Dumping data for table `users`
--

INSERT INTO `users` (`id`, `name`, `username`, `email`, `password`, `change_password`, `remember_token`, `bps_id`, `employee_id`, `telegram_id`, `photo`, `type`, `created_at`, `updated_at`, `deleted_at`) VALUES
('05b926d1-2dde-4fe7-9604-178936c9a409', 'Uhat Dies Toga Julius SST', 'uhatdies', 'uhatdies@bps.go.id', '$2y$10$qH.a.Q48iLrM7djWdW1EUu8hWiPqWZZ36AHnD4TWi0qVmEVrdneK.', 0, NULL, '340053362', '198707272009121003', NULL, NULL, 'Perorangan', '2023-07-17 02:32:42', '2023-11-02 18:51:38', NULL),
('0846b5be-5262-4797-962d-b252f5feaf56', 'Fajaruddin Djarir SE', 'djarir', 'djarir@bps.go.id', '$2y$10$5yOJy2JFD8viZOmT66adc.GbYwGPDPWLkx.7PnQMPC9zkDtfM6Po2', 1, NULL, '340018169', '198004012006041004', NULL, NULL, 'Perorangan', '2023-07-17 02:32:40', '2023-11-17 00:18:06', NULL),
('09239b9e-1736-4580-ad92-3f83a1cedcb4', ' Julmiati SST', 'julmiati', 'julmiati@bps.go.id', '$2y$10$rw3jy0YYquteNBMpidlICuqqbkr9z6j0wbia.HR3lCPYC6/FQnFvG', 0, NULL, '340057444', '199308072016022001', NULL, NULL, 'Perorangan', '2023-11-04 20:10:07', '2023-11-04 20:10:07', NULL),
('1082904e-89e2-46e1-b864-9b9270d3f724', 'Deni Widya Ariani SST', 'deni.ariani', 'deni.ariani@bps.go.id', '$2y$10$l45SddlUNgcTghhIXkDIgej2ceCcWZZudp.g8IvhiXJBz.WVgCBoO', 0, NULL, '340057945', '199410272017012002', NULL, NULL, 'Perorangan', '2023-07-17 02:32:40', '2023-07-17 02:32:40', NULL),
('12afce38-dc9e-46f4-981f-d302a90052c2', 'Tyas Jualita Santy SST, M.E.K.K', 'tyasjualita', 'tyasjualita@bps.go.id', '$2y$10$2RKURc.sKAgLarUfqBfPNupOL1n92paY4HavTws.aCNNYcjsH1JBe', 0, NULL, '340050263', '198605232009022006', NULL, NULL, 'Perorangan', '2023-07-17 02:32:41', '2023-07-17 02:32:41', NULL),
('1803fdc1-6bcd-4924-af8b-503a0ac09f33', ' Haeruh Umma S.E', 'haeruh.umma', 'haeruh.umma@bps.go.id', '$2y$10$rIDrmpae/./lW4ygC1GTg.RtUNQvIZR/SJMcmKXWxWESx5fxJj7jG', 0, NULL, '340061321', '199402272022031011', NULL, NULL, 'Perorangan', '2023-11-04 20:07:35', '2023-11-04 20:07:35', NULL),
('1b4e7c03-7336-4b9c-9bd7-d13d1c8de4f0', 'Sri Andriyani Baso A.Md', 'sri.baso', 'sri.baso@bps.go.id', '$2y$10$E4nLmwwj63y1p8sCvWMKeuqSB6xCHE1GlNYZJUh3cx5L1zotS8.di', 0, NULL, '340020274', '198707162008012001', NULL, NULL, 'Perorangan', '2023-07-17 02:32:42', '2023-07-17 02:32:42', NULL),
('1f9ed802-1c54-4895-8da0-e6fd84e3d9e5', 'Yenni Kurnia', 'yenni.kurnia', 'yenni.kurnia@bps.go.id', '$2y$10$usvMlvolvo79kiEIXi5j5OTAxS6G4/S4Cy9EcQXVKhKVye3Wyx1F.', 1, NULL, '340059817', '199612182019122002', NULL, NULL, 'Perorangan', '2023-07-28 08:12:27', '2023-11-06 18:41:22', NULL),
('21a7c831-a9eb-4631-8fe2-99ab08a1f69a', 'Harlina SE, MM', 'harlina', 'harlina@bps.go.id', '$2y$10$jyp1AUkdf2xV4P/sZwvg.e0Q52AJZdVvZXEtkbJSOufK2PYy/zvlu', 1, NULL, '340013915', '197204161994012001', NULL, NULL, 'Perorangan', '2023-07-17 02:32:40', '2023-11-19 19:13:22', NULL),
('2bf022b8-6b0e-4360-9a73-3abaf02e7ac3', 'Marsono SST.,M.Si', 'marsono', 'marsono@bps.go.id', '$2y$10$we7rvkyY4JsOloEzErfxaOsGzjG18T38XKbuWSxJ7nViErGuAy1Eq', 0, NULL, '340019239', '198205152007011011', NULL, NULL, 'Perorangan', '2023-07-17 02:32:41', '2023-07-17 02:32:41', NULL),
('2e034053-7883-4738-8836-a1dab1e5fa9d', 'Syaifur Rijal Syamsul SST', 'syaifur.rijal', 'syaifur.rijal@bps.go.id', '$2y$10$n1WpGxMdhuKSjFE68Aa4TewQGopIYHI.NdY8GDbBmeeHS30bwWleK', 1, NULL, '340056465', '199008162013111001', '5566165713', NULL, 'Perorangan', '2023-07-17 02:32:42', '2023-07-17 02:33:41', NULL),
('2e0a410f-4df3-44d9-b484-87c1821908a1', 'Pertiwi Tanihaha S.ST, MM', 'pertiwi', 'pertiwi@bps.go.id', '$2y$10$EAMPQLLZUkcQQSj02SzEwuLXW3.Ste41rlVt9NMdcxJmF0QYbgZf6', 0, NULL, '340053241', '198711152009122002', NULL, NULL, 'Perorangan', '2023-07-17 02:32:42', '2023-07-17 02:32:42', NULL),
('32a88286-889a-4f66-b15d-875c69288b04', 'Harianto', 'harianto', 'harianto@bps.go.id', '$2y$10$psHcPeFn0E.ZNQIfhM/Z0.w9fMd0wh8W3C4CFbj24A6iCmYlAw2Uy', 0, NULL, '340053163', '198602042009111001', NULL, NULL, 'Perorangan', '2023-07-17 02:32:40', '2023-07-17 02:32:40', NULL),
('34e72910-8d32-45d9-9b54-7aa07c21df61', 'Hamka A.Md.', 'hamka2', 'hamka2@bps.go.id', '$2y$10$hraPGp16rS4Hadri86NyeOR.CU9ar83yl/r0HgPoGmW6LJ3UnDyaK', 0, NULL, '340055534', '198206032011011008', NULL, NULL, 'Perorangan', '2023-07-17 02:32:40', '2023-07-17 02:32:40', NULL),
('38187fa8-584c-4fbb-8109-6f98def31198', 'Nurwahida SST', 'nurwahida', 'nurwahida@bps.go.id', '$2y$10$gNm7Ony50H5E/e.yMZ2DXe5/PZ4OjJLizxupWGbB5AfzNvCRusa7q', 1, NULL, '340057533', '199212012016022001', NULL, NULL, 'Perorangan', '2023-07-17 02:32:40', '2023-11-29 23:59:08', NULL),
('399a9893-e603-40bc-8b50-c239d93445b8', ' Martin Luter S.Tr.Stat.', 'martin.luter', 'martin.luter@bps.go.id', '$2y$10$FR4VBwtRxt3zAqsz5hmFM.A3yscjVhno9FuvScjdXNXaUXQwEuQyG', 0, NULL, '340059623', '199701032019121001', NULL, NULL, 'Perorangan', '2023-11-04 20:11:10', '2023-11-04 20:11:10', NULL),
('3a0d75f8-ee4e-4180-9882-b8789e120ffb', 'Ir. Muhammad Nurbakti M.Si', 'nurbakti', 'nurbakti@bps.go.id', '$2y$10$KA2/1RFvw7nScyaQRT6.Ke2VrUZEcwba6e7EeN1UIp91Q0aJyrXGy', 0, NULL, '340014393', '196502141994011001', NULL, NULL, 'Perorangan', '2023-07-17 02:32:41', '2023-07-17 02:32:41', NULL),
('3deef9c2-a074-4d71-b87c-ff8a6adbb45a', 'Aan Setyawan SST,. M.Si.', 'asetya', 'asetya@bps.go.id', '$2y$10$qznjqq1fWCXBwTVWVmr/1OjEYS.jT.ueoAM.XgWWVGwDxdUTbsmcq', 0, NULL, '340020276', '198502282008011003', NULL, NULL, 'Perorangan', '2023-07-17 02:32:41', '2023-07-17 02:32:41', NULL),
('3e3e58bd-61b3-4c3f-adb4-ef005e84dd46', 'Budi Setiawan Akkas, SST', 'budi.akkas', 'budi.akkas@bps.go.id', '$2y$10$qH.a.Q48iLrM7djWdW1EUu8hWiPqWZZ36AHnD4TWi0qVmEVrdneK.', 0, NULL, '340058179', '199504082018021001', '1676480064', NULL, 'Perorangan', '2023-07-17 02:32:42', '2023-08-14 03:15:51', NULL),
('409f8585-b7ca-438d-995d-0c63f1e2c236', 'Ruang Keuangan', '', NULL, '$2y$10$HgD1wTEwO1qe6nvQVxZFa.ebP5OQ14LMN1mc2rV8XL7Cxc6eeRlG2', 0, NULL, NULL, NULL, NULL, NULL, 'Ruangan', '2023-07-17 02:32:42', '2023-07-17 02:32:42', NULL),
('47c8cf17-2616-4d6d-87e3-6ddb600f7ea7', 'Reski S.Si.', 'reski', 'reski@bps.go.id', '$2y$10$KifxcyGH2fUVYjTboTSEiOXsf/AvmBWWwsQe7Dyyr6FXSLJpLbY/.', 0, NULL, '340055539', '198807252011012014', NULL, NULL, 'Perorangan', '2023-07-17 02:32:40', '2023-11-02 17:29:36', NULL),
('491eed19-b537-49c2-a298-dd934dff79f0', ' Muhammad Mitsaq Zamir SST', 'mitsaq.zamir', 'mitsaq.zamir@bps.go.id', '$2y$10$xoaWan2rzD5UzV5GrowvLeKhyAQjwOL9l9alMoIwEkTBsVF9svJea', 0, NULL, '340057953', '199506112017011001', NULL, NULL, 'Perorangan', '2023-11-04 20:13:52', '2023-11-04 20:13:52', NULL),
('49e6221a-918d-4f4e-ab45-4289a592b136', 'Haryo Satriaji SST', 'haryo.satriaji', 'haryo.satriaji@bps.go.id', '$2y$10$t4qo8Xzksml7XmaA7X4yBuoXpnhAlCOTXiUHm5MU2i9FLa9yqk5Wi', 0, NULL, '340057946', '199410062017011002', NULL, NULL, 'Perorangan', '2023-07-17 02:32:40', '2023-07-17 02:32:40', NULL),
('4a9a6b8a-a3ec-44c9-8b22-090f3a6e1925', 'Ruang IPDS', '', NULL, '$2y$10$Em0pD1IfmTR6hNIPXir/YOCZt5gh/VP9UacJf9WDXw/CHolbo87pK', 0, NULL, NULL, NULL, NULL, NULL, 'Ruangan', '2023-07-17 02:32:43', '2023-07-17 02:32:43', NULL),
('548ad2e4-4573-4a1f-9046-e514fb403e17', 'Sulle', 'sulle_r', 'sulle_r@bps.go.id', '$2y$10$tQGcgt9ZkZfxmRgNMzJyReRRuOv4m4jpLn2n7GzSYU8iTHCYbNfDW', 0, NULL, '340019423', '197912252007011001', NULL, NULL, 'Perorangan', '2023-07-17 02:32:41', '2023-07-17 02:32:41', NULL),
('54f1eee7-879b-4a78-bf86-a8b8c8df72b9', ' Rina Rachmawati SST', 'rina.rachmawati', 'rina.rachmawati@bps.go.id', '$2y$10$0IY5qJqtJEvErCqZKpRsMOl7mDxkoegrQ1DllVfMVXx1sffKblXgG', 0, NULL, '340058462', '199505052018022001', NULL, NULL, 'Perorangan', '2023-11-04 20:09:16', '2023-11-04 20:09:16', NULL),
('5ad73c1a-ac6b-4bdb-ae8e-2eb14af36e7a', 'Ruang Pengolahan', '', NULL, NULL, 0, NULL, NULL, NULL, NULL, NULL, 'Ruangan', '2023-10-31 20:25:45', '2023-10-31 20:25:45', NULL),
('5f316b2c-fff2-42b4-a740-69d8c873a03c', ' Madeleine Octria Viviani SST', 'madeleine.octria', 'madeleine.octria@bps.go.id', '$2y$10$uMGxlUidQXNYYUqB8KT.HuFj3WZj1Geue54H4CS9ZaZQhkUyYN4Z.', 0, NULL, '340058334', '199610252018022001', NULL, NULL, 'Perorangan', '2023-11-04 20:14:35', '2023-11-04 20:14:35', NULL),
('61c2eded-8838-4741-9bc6-c3fe1dcc13ad', 'Kartika Usmanti S.ST', 'usmanti', 'usmanti@bps.go.id', '$2y$10$gjDzWpQLbaMJ9a.v6ZS3feZMoOuCd8RPlhAMaur7CK928qDiwByzy', 0, NULL, '340053341', '198610072009122004', NULL, NULL, 'Perorangan', '2023-07-17 02:32:41', '2023-07-17 02:32:41', NULL),
('63b63c85-6725-47c9-8a02-6c75d366c042', 'Muhamad Ferdian Saputra SE, M.Si.', 'ferdian', 'ferdian@bps.go.id', '$2y$10$DiZbgk1Yrmz0kBvrnV2r9u/URyyhVLZXtBsTEFoXjZpg26jWxBo82', 0, NULL, '340051232', '198501222009021006', NULL, NULL, 'Perorangan', '2023-07-17 02:32:40', '2023-07-17 02:32:40', NULL),
('6cbb2f0e-753e-456c-994d-c542117c114d', 'Ruang Kepegram', '', NULL, '$2y$10$xaW96ZzOpZ1wLlFMTJU5b.jVufthRaqGxS31LBtLbCfEQrU03bQu2', 0, NULL, NULL, NULL, NULL, NULL, 'Ruangan', '2023-07-17 02:32:42', '2023-07-17 02:32:42', NULL),
('6e6fbf46-87fd-4afe-a9a0-d3b018213817', 'Immawan Mujahid Maruddani SST', 'immawan.maruddani', 'immawan.maruddani@bps.go.id', '$2y$10$w.U09/1W3zK6jlBY7glYFubZC8/qedxWs56vVc7z11IBd0ZUraoeC', 1, NULL, '340057948', '199410152017011001', NULL, NULL, 'Perorangan', '2023-07-17 02:32:41', '2023-11-06 19:08:52', NULL),
('7671da7e-c4f3-4498-8e79-d8c46295f195', 'Novia Triputri T', 'noviataju', 'noviataju@bps.go.id', '$2y$10$cMgukGJf9t4d8zCRPkPl1u0NL2nfwdIoPvrkaDcibVRFWIBiV/F42', 1, NULL, '340058891', '199611052019012001', NULL, NULL, 'Perorangan', '2023-11-21 00:03:46', '2023-11-21 00:04:14', NULL),
('7f8e2b5f-bc6c-4eb2-bc4a-edd02c825912', 'Andra Citta Passadhi Arya SST', 'andra.citta', 'andra.citta@bps.go.id', '$2y$10$6I18aaFVQmjCKvmRjqGse./yQkxNXrxZ7XxERbjhK2C54U29.rAUe', 0, NULL, '340020267', '198308102008011010', NULL, NULL, 'Perorangan', '2023-07-17 02:32:42', '2023-07-17 02:32:42', NULL),
('7fc01389-a16b-459b-a693-45753d9e6ba5', ' M. Fajar Firmansyah SST', 'fajar.firmansyah', 'fajar.firmansyah@bps.go.id', '$2y$10$pGS7sOmb1JPas6aIho10o.utwHqf2saE/ZHkb7tWJHop0yQKLuIcy', 0, NULL, '340057950', '199501162017011001', NULL, NULL, 'Perorangan', '2023-11-04 20:15:35', '2023-11-04 20:15:35', NULL),
('81a185b8-5f0f-4691-8eff-28ea567cf43b', 'Ruang Kabag Umum', '', NULL, '$2y$10$7pq.0QScMh0at2ZGWZDLGOp0h5W3HMStp0.y3FIAE3BgHo9X3NWou', 0, NULL, NULL, NULL, NULL, NULL, 'Ruangan', '2023-07-17 02:32:42', '2023-07-17 02:32:42', NULL),
('8299708a-46b9-4c7c-9753-97dc9beba1fa', 'Mega Kelana Cahya Altoba, SST', 'mega.altoba', 'mega.altoba@bps.go.id', '$2y$10$vEWb1RJC3s8pRIDk/5OZN./ZLyoZP48Qz9u2XqH3ASP4nZNbIZ7H6', 0, NULL, '340057951', '199502262017011001', NULL, NULL, 'Perorangan', '2023-07-17 02:32:42', '2023-07-17 02:32:42', NULL),
('84fe2261-cb51-4c9a-a16a-6bd3b618860c', 'Ruang PST', '', NULL, '$2y$10$vpnu5lYpbwTpEu2QstZrCuEDMsSFMYY8Ah05fmwgByMs.rFMlkBWq', 0, NULL, NULL, NULL, NULL, NULL, 'Ruangan', '2023-07-17 02:32:43', '2023-07-17 02:32:43', NULL),
('8891151d-80c2-4f17-a0bc-0e54b2cf3ec9', ' Muhammad Alfian Hidayat S.Tr.Stat.', 'muh.alfian', 'muh.alfian@bps.go.id', '$2y$10$..T34.5J62Zj4mXfppAguedoPMMXWDOJnzW.wqCNuXfikc/vdAMjW', 0, NULL, '340059638', '199708012019121001', NULL, NULL, 'Perorangan', '2023-11-04 20:05:58', '2023-11-04 20:05:58', NULL),
('88f2b0c4-6507-4f7a-afd0-ccc332844a8a', 'Ruang Statistik Distribusi', '', NULL, '$2y$10$K7i6OxRN9xzBF4.kq12ASeDkAAjs80UjBx0gziuiwihGbkWhRWt0W', 0, NULL, NULL, NULL, NULL, NULL, 'Ruangan', '2023-07-17 02:32:43', '2023-07-17 02:32:43', NULL),
('8913f786-63a1-43a4-a2bb-17f4d91a405d', ' Wahyuni SST', 'wahyuni2', 'wahyuni2@bps.go.id', '$2y$10$AT.AY4R6lnc7ExnrTyKPpOjqkSRn8U6PIPskcWZn/eHAoI7KDeyOy', 0, NULL, '340058524', '199412012018022001', NULL, NULL, 'Perorangan', '2023-11-04 20:16:40', '2023-11-04 20:16:40', NULL),
('962e2878-437f-48bb-9330-6b40a3da75b5', 'Saiyed Andi Supardi SP., MM.', 'pardi', 'pardi@bps.go.id', '$2y$10$r1ax/zszmtDr3B.Re4cUEePfePU81UgCLerPVq6lwE3WSyGCvq3Wy', 0, NULL, '340012740', '196911111991021001', NULL, NULL, 'Perorangan', '2023-07-17 02:32:41', '2023-07-17 02:32:41', NULL),
('9a17c62e-6946-4586-86a4-059b6d843959', 'Ruang Statistik Sosial', '', NULL, '$2y$10$m.sDYsjndGUb74LxnjnYHe6/vo4.dt8Jrtx95k2rRkeG3p8p2EvsG', 0, NULL, NULL, NULL, NULL, NULL, 'Ruangan', '2023-07-17 02:32:43', '2023-07-17 02:32:43', NULL),
('9c066ccb-81b2-49b9-8b9b-75f94415992a', 'Suwarti SST, M.Stat', 'suwarti', 'suwarti@bps.go.id', '$2y$10$pAtHLH.ER3MVmInufV.ccea8CDCwNrffZVfmf/9f/Re1vFjfHk1wG', 0, NULL, '340020268', '198308092008012002', NULL, NULL, 'Perorangan', '2023-07-17 02:32:41', '2023-07-17 02:32:41', NULL),
('9f5be486-5d89-416f-b490-718e0284b1de', 'Ruang Umum', '', NULL, '$2y$10$eXDmcnXYPr7HzZ1xt2hwkOsWAPgo.39IizjetoiGWRfSjkMfFkEZC', 0, NULL, NULL, NULL, NULL, NULL, 'Ruangan', '2023-07-17 02:32:43', '2023-07-17 02:32:43', NULL),
('a666e105-b12d-4bc1-8397-0edb3d9179d2', 'Markus Uda SE', 'markus', 'markus@bps.go.id', '$2y$10$0Bbysej1nfQh2W/25XyCRu1tLE7Cs0JlRwcA.awycCDjodSKXe4K.', 0, NULL, '340013521', '196705221993011001', NULL, NULL, 'Perorangan', '2023-07-17 02:32:39', '2023-07-17 02:32:39', NULL),
('a6a0b458-33e3-4de3-8348-7a49d1bb0d44', 'Isba Syukurniaty Bakri A.Md.', 'adhyisba', 'adhyisba@bps.go.id', '$2y$10$fCAqQUVIDMrHnLr5uNHHm.5bAaXNLVjWVNLHbDHFnf6aCJKSTGdnG', 1, NULL, '340055537', '198109242011012006', NULL, NULL, 'Perorangan', '2023-07-17 02:32:40', '2023-11-16 20:16:33', NULL),
('a6de6517-6fa9-4244-9d0d-9779d7ab73b8', 'Sari Kristiani A.Md', 'kristi', 'kristi@bps.go.id', '$2y$10$0ujYc1KhjVSP2czE0lo2deHtW.9YkM1RtErfVwtqo0E5Bd693Na0u', 1, NULL, '340018487', '198209172006042003', NULL, NULL, 'Perorangan', '2023-07-17 02:32:39', '2023-11-17 00:21:01', NULL),
('ab8114f0-b4ec-4d60-858e-6c37d1e21f3a', 'Eka Khaerandy Oktafianto SST, M.Si', 'ekakhaerandy', 'ekakhaerandy@bps.go.id', '$2y$10$nV1rFGVCpNpEAxdoofjxluetIQyP1HNdoDyV8eoEWQEbHaVCr9Ax2', 0, NULL, '340053360', '198610082009121007', NULL, NULL, 'Perorangan', '2023-07-17 02:32:41', '2023-07-17 02:32:41', NULL),
('b32b2f8f-9636-457b-a602-020f1f6570cb', 'Abdul Hafid SST', 'hafid.mhd', 'hafid.mhd@bps.go.id', '$2y$10$PdKmB8CTAU8NAbqTgQP3C.EuMNtXLdn.V1up6ezOg5Am.8v8mIHua', 0, NULL, '340055708', '199002052012111001', NULL, NULL, 'Perorangan', '2023-07-17 02:32:41', '2023-07-17 02:32:41', NULL),
('b7885f05-90c0-4d23-8b53-525fa289d44c', 'Tina Wahyufitri, S.Si, M.Si', 'tinaw', 'tinaw@bps.go.id', '$2y$10$RJg/MOZLKuqHD1YQYXaoV.mw7nnsPG/T.dKY/H43Uz9/lHP23NM02', 0, NULL, '340015476', '197609281997122001', NULL, NULL, 'Perorangan', '2023-07-17 02:32:39', '2023-07-17 02:32:39', NULL),
('c132686a-e7b7-4029-99a5-13e0987f71d8', 'Ruang Sekretaris', '', NULL, '$2y$10$gVjW1.DxGxbD0uZIlCG2Sez3Km4SBdpd7qclAFPOUMDgwvvtz48W6', 0, NULL, NULL, NULL, NULL, NULL, 'Ruangan', '2023-07-17 02:32:42', '2023-07-17 02:32:42', NULL),
('caba2131-9291-4ba3-8842-df8680b07dd5', 'Saiyed Andi Bangsawan SE', 'bangsawan', 'bangsawan@bps.go.id', '$2y$10$Yk5JXdVX8aWfq529kHXsZeMnfmTo/n.wFXngCM8AFQWbd6WKhaDiq', 0, NULL, '340018954', '197610132006041014', NULL, NULL, 'Perorangan', '2023-07-17 02:32:40', '2023-07-17 02:32:40', NULL),
('cb9a51d1-5c5f-4403-a473-264fead18228', 'Muhammad Said, S.ST', 'msgkuna', 'msgkuna@bps.go.id ', '$2y$10$N6Es0Y7Fd7/gTwNQSMWA3OzKwRLUDXwTesWlloPGZmKiTZx1tcFlO', 0, NULL, '340015383', '197305161996121001', NULL, NULL, 'Perorangan', '2023-07-17 02:32:42', '2023-07-17 02:32:42', NULL),
('d1df9c0f-46a7-420c-b126-ad4f1d7c871e', 'Ruang Nerwilis', '', NULL, '$2y$10$wSksD9dWxaQMlTp3/Pr2FuvKfG53QyV90htq2yEhnejky74OF61K6', 0, NULL, NULL, NULL, NULL, NULL, 'Ruangan', '2023-07-17 02:32:42', '2023-07-17 02:32:42', NULL),
('d2569596-43f4-4c7d-9d74-500ac8a68a55', 'Eva Resvani S.Psi.', 'reva', 'reva@bps.go.id', '$2y$10$dSqbs7W7R2MoHw7IXLXvheeyw6tbblffztr1tx9uEjUk19pVQsB1m', 1, NULL, '340055533', '198605272011012019', NULL, NULL, 'Perorangan', '2023-07-17 02:32:40', '2023-11-16 19:50:10', NULL),
('d4042fe1-af45-40b0-b874-7696892088fe', 'Irwanti Hadnus', 'irwantihadnus', 'irwantihadnus@bps.go.id', '$2y$10$7UBol97ePTL09QUcK.ZRCuWnmenMo7a8dvMrX9279n0rv/bQpa9Gm', 0, NULL, '340056325', '198912182013112001', NULL, NULL, 'Perorangan', '2023-07-17 06:39:53', '2023-07-17 06:39:53', NULL),
('db364b64-58f7-4efe-b23c-ebebc1b000b4', ' Aurora Kartika Alail A.Md.Kb.N.', 'aurora.kartika', 'aurora.kartika@bps.go.id', '$2y$10$oR.W1FNXOdR2T94aw73kAeh9oK6Dg84Gq4AHVNnjRwl5HF2C1ikYu', 0, NULL, '340061069', '200010272022012003', NULL, NULL, 'Perorangan', '2023-11-04 20:06:42', '2023-11-04 20:06:42', NULL),
('db80813e-22e2-4290-bca4-9e436b9209de', 'Ruang Frontdesk', '', NULL, '$2y$10$ory2YJb7Z5aDdePAcqXUYuHeW5jfJqeVXXyc/Mk43ao/b2uLeBdra', 0, NULL, NULL, NULL, NULL, NULL, 'Ruangan', '2023-07-17 02:32:43', '2023-07-17 02:32:43', NULL),
('dbc4c128-bc74-4885-b9e1-0d59a630e256', 'Ruang Statistik Produksi', '', NULL, '$2y$10$vM4EJuZqKQOAHmBk1Hi4RON8/cDPp1gTbldsDi9hsYOZFPIncc31i', 0, NULL, NULL, NULL, NULL, NULL, 'Ruangan', '2023-07-17 02:32:42', '2023-07-17 02:32:42', NULL),
('dda36d48-899d-4ca1-a7c0-539f31f24521', 'Ruang Kepala BPS', '', NULL, '$2y$10$H.Cc5vbbNPU5Oy7bhuznVeHhW6U4NlIXnQCWmzePWbcN9cclrwn9y', 0, NULL, NULL, NULL, NULL, NULL, 'Ruangan', '2023-07-17 02:32:42', '2023-07-17 02:32:42', NULL),
('def032ce-2176-4f30-a461-95aa137ebb56', 'Misnawati Mansur SST, MM', 'misna', 'misna@bps.go.id', '$2y$10$/TDoABBIL5hMQzPugv8XF.hS420e8T8XancEn.APvivijKvxZ36/u', 0, NULL, '340054318', '198802122010122003', NULL, NULL, 'Perorangan', '2023-07-17 02:32:42', '2023-07-17 02:32:42', NULL),
('e01199b2-1925-4282-b947-335c11986492', 'Suherman Bontong S.P.', 'suhermanb', 'suhermanb@bps.go.id', '$2y$10$qkohB4sLMUvWlgdlXomqLOc1OBGQ.zpScHpmv.OmU0S8Ny9J4oV5O', 1, NULL, '340055542', '198806012011011012', NULL, NULL, 'Perorangan', '2023-07-17 02:32:40', '2023-11-17 00:10:46', NULL),
('e51b739c-0c4e-4f80-9308-44bb28a61afc', 'Hapsah S.Si.', 'hapsah', 'hapsah@bps.go.id', '$2y$10$WW.CiZWVktzoR2FUq5Cz6O.qh2h5clYuENw3o4RfFefpDAa3yKlbu', 0, NULL, '340059327', '199404032019032001', NULL, NULL, 'Perorangan', '2023-07-17 02:32:41', '2023-07-17 02:32:41', NULL),
('ece5e6a0-8654-4c54-9aed-e90151adbb5b', 'Abd. Syukur SE, MM.', 'syukur', 'syukur@bps.go.id', '$2y$10$FDLZ0EQAD9BbEIx7tAz6AeEl33G0JbIBXMFpLBetQpalIbQpd6vBS', 0, NULL, '340014270', '197304031994011001', NULL, NULL, 'Perorangan', '2023-07-17 02:32:40', '2023-07-17 02:32:40', NULL),
('edae8ed7-43d8-4e36-995a-4f8934ce0c0c', 'M. La\'bi S.Si. MM', 'mlabi', 'mlabi@bps.go.id', '$2y$10$6LZVDviSnF0wJTR2aDK9PufY/hJhva/VBvF7xK6lLMo.FqwPXuu2C', 0, NULL, '340012048', '196512311989011001', NULL, NULL, 'Perorangan', '2023-07-17 02:32:41', '2023-07-17 02:32:41', NULL),
('f0f7a0e1-e27f-4210-adfb-2e21f8d78f5a', 'Anindrasari S.P, M.M', 'anindrasari', 'anindrasari@bps.go.id', '$2y$10$wTe08RC1K2LQDwrkHSKa2eKzI4OUO7gaBodgZnTXdCjax8ttl3oym', 1, NULL, '340053879', '198708262010032001', NULL, NULL, 'Perorangan', '2023-07-17 02:32:41', '2023-11-14 19:56:05', NULL),
('f4799c7e-5a39-4cbb-8f50-f4293670b911', 'Dina Srikandi SST, M.Si.', 'srikandi', 'srikandi@bps.go.id', '$2y$10$LN/Ue6Y/PoyZjtS1qyK7IOPXLi6Q1QiKoieYU.YKszSvdBCqgYbAG', 0, NULL, '340017870', '198401102006022001', NULL, NULL, 'Perorangan', '2023-07-17 02:32:41', '2023-07-17 02:32:41', NULL),
('f4d2176c-855d-49a7-aca2-1d0371b4907a', ' Nur Ilmi Hasbah SST', 'ilmi.hasbah', 'ilmi.hasbah@bps.go.id', '$2y$10$xRJRvL3otet41STWmAK1K.nVEB3wzz2mjo2sO4G77AfSr3NJ9eQ9O', 0, NULL, '340058416', '199511302018022002', NULL, NULL, 'Perorangan', '2023-11-04 20:11:59', '2023-11-04 20:11:59', NULL),
('fb1ca1ea-da0c-4ed3-bff1-9ecc78ba7659', 'Ruang Aula - Studio', '', NULL, '$2y$10$YwOwDS9QG75WMUiEbmkwtudrqccbeGy3NhHGzCidmvSvoMAiAvqpi', 0, NULL, NULL, NULL, NULL, NULL, 'Ruangan', '2023-07-17 02:32:42', '2023-07-17 02:32:42', NULL),
('fee2911d-ec47-4454-937e-14d4b4e706e7', 'Sri Mulyani SST, MM', 'muyani', 'muyani@bps.go.id', '$2y$10$mXAjaJYwm4iXlaW0lII4yehnHWjg4hcYn3NcWecNsiJiv5XygUHlK', 0, NULL, '340017366', '198207182004122001', NULL, NULL, 'Perorangan', '2023-07-17 02:32:40', '2023-07-17 02:32:40', NULL);

-- --------------------------------------------------------

--
-- Table structure for table `webhooks`
--

CREATE TABLE `webhooks` (
  `id` char(36) CHARACTER SET utf8mb4 COLLATE utf8mb4_unicode_ci NOT NULL,
  `provider` varchar(50) CHARACTER SET utf8mb4 COLLATE utf8mb4_unicode_ci NOT NULL,
  `name` varchar(100) CHARACTER SET utf8mb4 COLLATE utf8mb4_unicode_ci NOT NULL,
  `url` varchar(255) CHARACTER SET utf8mb4 COLLATE utf8mb4_unicode_ci NOT NULL,
  `token` varchar(255) CHARACTER SET utf8mb4 COLLATE utf8mb4_unicode_ci NOT NULL,
  `status` enum('up','down') CHARACTER SET utf8mb4 COLLATE utf8mb4_unicode_ci NOT NULL,
  `created_at` timestamp NULL DEFAULT NULL,
  `updated_at` timestamp NULL DEFAULT NULL
) ENGINE=InnoDB DEFAULT CHARSET=utf8mb4 COLLATE=utf8mb4_unicode_ci;

--
-- Dumping data for table `webhooks`
--

INSERT INTO `webhooks` (`id`, `provider`, `name`, `url`, `token`, `status`, `created_at`, `updated_at`) VALUES
('79e188eb-e1c8-4b45-bdf0-04651b4e4853', 'Telegram', 'ITValet', 'https://sulbar.web.bps.go.id/itvalet/api/', '6536542588:AAGMvfs2YDUjIy3kIgshuFbeVj-PQomEr5A/webhook', 'down', '2023-11-23 19:19:45', '2023-11-24 00:26:53');

--
-- Indexes for dumped tables
--

--
-- Indexes for table `devices`
--
ALTER TABLE `devices`
  ADD PRIMARY KEY (`id`),
  ADD UNIQUE KEY `devices_serial_unique` (`serial`);

--
-- Indexes for table `device_master`
--
ALTER TABLE `device_master`
  ADD PRIMARY KEY (`id`) USING BTREE;

--
-- Indexes for table `failed_jobs`
--
ALTER TABLE `failed_jobs`
  ADD PRIMARY KEY (`id`);

--
-- Indexes for table `maintenance_memos`
--
ALTER TABLE `maintenance_memos`
  ADD PRIMARY KEY (`id`);

--
-- Indexes for table `migrations`
--
ALTER TABLE `migrations`
  ADD PRIMARY KEY (`id`);

--
-- Indexes for table `model_has_permissions`
--
ALTER TABLE `model_has_permissions`
  ADD PRIMARY KEY (`permission_id`,`model_uuid`,`model_type`),
  ADD KEY `model_has_permissions_model_id_model_type_index` (`model_uuid`,`model_type`);

--
-- Indexes for table `model_has_roles`
--
ALTER TABLE `model_has_roles`
  ADD PRIMARY KEY (`role_id`,`model_uuid`,`model_type`),
  ADD KEY `model_has_roles_model_id_model_type_index` (`model_uuid`,`model_type`);

--
-- Indexes for table `notifications`
--
ALTER TABLE `notifications`
  ADD PRIMARY KEY (`id`),
  ADD KEY `notifications_notifiable_type_notifiable_id_index` (`notifiable_type`,`notifiable_id`);

--
-- Indexes for table `password_resets`
--
ALTER TABLE `password_resets`
  ADD KEY `password_resets_email_index` (`email`);

--
-- Indexes for table `permissions`
--
ALTER TABLE `permissions`
  ADD PRIMARY KEY (`id`),
  ADD UNIQUE KEY `permissions_name_guard_name_unique` (`name`,`guard_name`);

--
-- Indexes for table `personal_access_tokens`
--
ALTER TABLE `personal_access_tokens`
  ADD PRIMARY KEY (`id`),
  ADD UNIQUE KEY `personal_access_tokens_token_unique` (`token`),
  ADD KEY `personal_access_tokens_tokenable_type_tokenable_id_index` (`tokenable_type`,`tokenable_id`);

--
-- Indexes for table `roles`
--
ALTER TABLE `roles`
  ADD PRIMARY KEY (`id`),
  ADD UNIQUE KEY `roles_name_guard_name_unique` (`name`,`guard_name`);

--
-- Indexes for table `role_has_permissions`
--
ALTER TABLE `role_has_permissions`
  ADD PRIMARY KEY (`permission_id`,`role_id`),
  ADD KEY `role_has_permissions_role_id_foreign` (`role_id`);

--
-- Indexes for table `service_comments`
--
ALTER TABLE `service_comments`
  ADD PRIMARY KEY (`id`);

--
-- Indexes for table `service_requests`
--
ALTER TABLE `service_requests`
  ADD PRIMARY KEY (`id`);

--
-- Indexes for table `service_types`
--
ALTER TABLE `service_types`
  ADD PRIMARY KEY (`id`);

--
-- Indexes for table `users`
--
ALTER TABLE `users`
  ADD PRIMARY KEY (`id`),
  ADD UNIQUE KEY `users_email_unique` (`email`),
  ADD UNIQUE KEY `users_bps_id_unique` (`bps_id`),
  ADD UNIQUE KEY `users_employee_id_unique` (`employee_id`),
  ADD KEY `users_username_index` (`username`);

--
-- Indexes for table `webhooks`
--
ALTER TABLE `webhooks`
  ADD PRIMARY KEY (`id`);

--
-- AUTO_INCREMENT for dumped tables
--

--
-- AUTO_INCREMENT for table `failed_jobs`
--
ALTER TABLE `failed_jobs`
  MODIFY `id` bigint UNSIGNED NOT NULL AUTO_INCREMENT;

--
-- AUTO_INCREMENT for table `migrations`
--
ALTER TABLE `migrations`
  MODIFY `id` int UNSIGNED NOT NULL AUTO_INCREMENT, AUTO_INCREMENT=23;

--
-- AUTO_INCREMENT for table `personal_access_tokens`
--
ALTER TABLE `personal_access_tokens`
  MODIFY `id` bigint UNSIGNED NOT NULL AUTO_INCREMENT;

--
-- AUTO_INCREMENT for table `service_comments`
--
ALTER TABLE `service_comments`
  MODIFY `id` bigint UNSIGNED NOT NULL AUTO_INCREMENT, AUTO_INCREMENT=33;

--
-- Constraints for dumped tables
--

--
-- Constraints for table `model_has_permissions`
--
ALTER TABLE `model_has_permissions`
  ADD CONSTRAINT `model_has_permissions_permission_id_foreign` FOREIGN KEY (`permission_id`) REFERENCES `permissions` (`id`) ON DELETE CASCADE;

--
-- Constraints for table `model_has_roles`
--
ALTER TABLE `model_has_roles`
  ADD CONSTRAINT `model_has_roles_role_id_foreign` FOREIGN KEY (`role_id`) REFERENCES `roles` (`id`) ON DELETE CASCADE;

--
-- Constraints for table `role_has_permissions`
--
ALTER TABLE `role_has_permissions`
  ADD CONSTRAINT `role_has_permissions_permission_id_foreign` FOREIGN KEY (`permission_id`) REFERENCES `permissions` (`id`) ON DELETE CASCADE,
  ADD CONSTRAINT `role_has_permissions_role_id_foreign` FOREIGN KEY (`role_id`) REFERENCES `roles` (`id`) ON DELETE CASCADE;
COMMIT;

/*!40101 SET CHARACTER_SET_CLIENT=@OLD_CHARACTER_SET_CLIENT */;
/*!40101 SET CHARACTER_SET_RESULTS=@OLD_CHARACTER_SET_RESULTS */;
/*!40101 SET COLLATION_CONNECTION=@OLD_COLLATION_CONNECTION */;
